INTL_20160320_000001	副本、任务追加进场1次	인던,미션 1회 추가입장				
INTL_20160320_000002	包含为您服务器内所有角色提供的各种特殊福利,持续60天.右键点击使用.{nl}[代币福利]{nl} - 可以同时学习最多2个属性{nl} - 市场佣金减少(30% {img white_right_arrow 16 16} 10%){nl} - 可以在市场上挂出最多5件物品{nl} - 角色移动速度增加3{nl} - 猎杀怪物获得的经验值增加20%{nl} - 可以使用高级手势{nl}- 可以使用个人交易达60次{nl}- 任务和副本额外进入1次{nl}	마우스 우클릭 시 사용되며 서버 내 모든 캐릭터에 사용 시점으로부터 60일간 혜택이 적용됩니다.{nl}[토큰 효과]{nl} - 특성 스킬 2개 동시 수련 가능{nl} - 마켓 판매 수수료율 감소(30%{img white_right_arrow 16 16}10%){nl} - 마켓 판매 등록 아이템 개수 5개{nl} - 캐릭터 이동속도 +3 증가{nl} - 몬스터 처치 시 경험치 +20% 증가{nl}(PC방 혜택, 경험의 서 효과와 중첩 가능){nl} - 프리미엄 제스쳐 사용 가능{nl} - 최대 버프 적용 개수 증가{nl} - 개인 거래 60회 가능{nl} - 인던,미션 추가 1회 입장가능				
INTL_20160320_000003	包含为您服务器内所有角色提供的各种特殊福利,持续60天.右键点击使用.{nl}[代币福利]{nl} - 可以同时学习最多2个属性{nl} - 市场佣金减少(30% {img white_right_arrow 16 16} 10%){nl} - 可以在市场上挂出最多5件物品{nl} - 角色移动速度增加3{nl} - 猎杀怪物获得的经验值增加30%{nl} - 可以使用高级手势{nl}- 可以使用个人交易达60次{nl}- 任务和副本额外进入1次{nl}	마우스 우클릭 시 사용되며 서버 내 모든 캐릭터에 사용 시점으로부터 60일간 혜택이 적용됩니다.{nl}[토큰 효과]{nl} - 특성 스킬 2개 동시 수련 가능{nl} - 마켓 판매 수수료율 감소(30%{img white_right_arrow 16 16}10%){nl} - 마켓 판매 등록 아이템 개수 5개{nl} - 캐릭터 이동속도 +3 증가{nl} - 몬스터 처치 시 경험치 +30% 증가{nl}(PC방 혜택, 경험의 서 효과와 중첩 가능){nl} - 프리미엄 제스쳐 사용 가능{nl} - 최대 버프 적용 개수 증가{nl} - 개인 거래 60회 가능{nl} - 인던,미션 추가 1회 입장가능	INTL_20160320_000002	包含为您服务器内所有角色提供的各种特殊福利,持续60天.右键点击使用.{nl}[代币福利]{nl} - 可以同时学习最多2个属性{nl} - 市场佣金减少(30% {img white_right_arrow 16 16} 10%){nl} - 可以在市场上挂出最多5件物品{nl} - 角色移动速度增加3{nl} - 猎杀怪物获得的经验值增加20%{nl} - 可以使用高级手势{nl}- 可以使用个人交易达60次{nl}- 任务和副本额外进入1次{nl}	마우스 우클릭 시 사용되며 서버 내 모든 캐릭터에 사용 시점으로부터 60일간 혜택이 적용됩니다.{nl}[토큰 효과]{nl} - 특성 스킬 2개 동시 수련 가능{nl} - 마켓 판매 수수료율 감소(30%{img white_right_arrow 16 16}10%){nl} - 마켓 판매 등록 아이템 개수 5개{nl} - 캐릭터 이동속도 +3 증가{nl} - 몬스터 처치 시 경험치 +20% 증가{nl}(PC방 혜택, 경험의 서 효과와 중첩 가능){nl} - 프리미엄 제스쳐 사용 가능{nl} - 최대 버프 적용 개수 증가{nl} - 개인 거래 60회 가능{nl} - 인던,미션 추가 1회 입장가능	
INTL_20160323_000004	- 可以同时学习最多2个属性{nl} - 市场佣金减少(30% {img white_right_arrow 16 16} 10%){nl} - 可以在市场上挂出最多5件物品{nl} - 角色移动速度增加3{nl} - 只能交易达30次{nl	- 특성 스킬 2개 동시 수련 가능{nl} - 마켓 판매 수수료율 감소(30%{img white_right_arrow 16 16}10%){nl} - 마켓 판매 등록 아이템 개수 5개{nl} - 캐릭터 이동속도 +3{nl} - 미션,던전 1회 추가입장{nl} - 최대 버프 적용 개수 증가{nl} - 프리미엄 제스쳐 사용 가능{nl}				
INTL_20160326_000005	赋予服务器内所有角色代币福利,持续60天.右键点击使用.{nl}[代币福利]{nl} - 可以同时学习最多2个属性{nl} - 市场佣金减少(30% {img white_right_arrow 16 16} 10%){nl} - 可以在市场上挂出最多5件物品{nl} - 角色移动速度增加3{nl} - 猎杀怪物获得的经验值增加30%{nl}(与EXP之书效果叠加){nl} - 可以使用高级手势{nl} - 最大buff次数增加{nl} - 可以使用个人交易达60次	마우스 우클릭 시 사용되며 서버 내 모든 캐릭터에 사용 시점으로부터 60일간 혜택이 적용됩니다.{nl}[토큰 효과]{nl} - 특성 스킬 2개 동시 수련 가능{nl} - 마켓 판매 수수료율 감소(30%{img white_right_arrow 16 16}10%){nl} - 마켓 판매 등록 아이템 개수 5개{nl} - 캐릭터 이동속도 +3 증가{nl} - 몬스터 처치 시 경험치 +20% 증가{nl}(PC방 혜택, 경험의 서 효과와 중첩 가능){nl} - 프리미엄 제스쳐 사용 가능{nl} - 최대 버프 적용 개수 증가{nl} - 개인 거래 60회 가능	INTL_20160320_000003	包含为服务器内所有角色提供的各种特别福利,持续60天.右键点击使用.{nl}[代币福利]{nl} - 可以同时学习最多2个属性{nl} - 市场佣金减少(30% {img white_right_arrow 16 16} 10%){nl} - 可以在市场上挂出最多5件物品{nl} - 角色移动速度增加3{nl} - 猎杀怪物获得的经验值增加30%{nl} - 可以使用高级手势{nl}- 可以使用个人交易达60次{nl}- 额外进入任务和地城实例1次{nl}	마우스 우클릭 시 사용되며 서버 내 모든 캐릭터에 사용 시점으로부터 60일간 혜택이 적용됩니다.{nl}[토큰 효과]{nl} - 특성 스킬 2개 동시 수련 가능{nl} - 마켓 판매 수수료율 감소(30%{img white_right_arrow 16 16}10%){nl} - 마켓 판매 등록 아이템 개수 5개{nl} - 캐릭터 이동속도 +3 증가{nl} - 몬스터 처치 시 경험치 +30% 증가{nl}(PC방 혜택, 경험의 서 효과와 중첩 가능){nl} - 프리미엄 제스쳐 사용 가능{nl} - 최대 버프 적용 개수 증가{nl} - 개인 거래 60회 가능{nl} - 인던,미션 추가 1회 입장가능	
INTL_20160326_000006	Token: 30 天	토큰:30일				
INTL_20160329_000007	魔法赋予卷轴10个宝箱	마법 부여 스크롤 10개 상자				
INTL_20160329_000008	使用时,获得魔法赋予卷轴10个.点击鼠标右键使用.	사용 시 마법 부여 스크롤 10개를 획득합니다. 마우스 우클릭으로 사용합니다.				
INTL_20160329_000009	扩音器10个宝箱	확성기 10개 상자				
INTL_20160329_000010	使用时可获得扩音器10个.点击鼠标右键使用.	사용 시 확성기 10개를 획득합니다. 마우스 우클릭으로 사용합니다.				
INTL_20160419_000011	用于获取455 TP.	사용 시 455 TP를 획득합니다.				
INTL_20160419_000012	用于获取266 TP.	사용 시 266 TP를 획득합니다.				
INTL_20160419_000013	用于获取112 TP.	사용 시 112 TP를 획득합니다.				
INTL_20160419_000014	右键点击获取以下物品:{nl} - 455 TP{nl} - 代币(60天){nl} - 头饰 - 波波利恩娃娃{nl} - 头饰 - 哈娜明娃娃{nl} - 霍格兰伴侣兑换券{nl} - 统计重置药水{nl} - 技能重置药水{nl}	마우스 우클릭 시 사용되며 구성물을 획득할 수 있습니다.{nl} - 455 TP{nl} - 토큰(60일){nl} - 헤어 악세서리 - 포포리온 인형{nl} - 헤어 악세서리 - 하나밍 인형{nl} - 호글란 컴패니언 교환권{nl} - 스탯초기화 포션{nl} - 스킬 초기화 포션{nl}	ETC_20160320_021185	点击滑鼠右键即可使用并获得内容物。{nl} - 650 TP{nl} - VIP(60天){nl} - 髮饰 - 波波小狮王人偶{nl} - 髮饰 - 粉红小花怪人偶{nl} - 霍克鹰宠物交换券{nl} - 属性重置药水{nl} - 技能重置药水{nl}	마우스 우클릭 시 사용되며 구성물을 획득할 수 있습니다.{nl} - 650 TP{nl} - 토큰(60일){nl} - 헤어 악세서리 - 포포리온 인형{nl} - 헤어 악세서리 - 하나밍 인형{nl} - 호글란 컴패니언 교환권{nl} - 스탯초기화 포션{nl} - 스킬 초기화 포션{nl}	
INTL_20160419_000015	右键点击获取以下物品:{nl} - 266 TP{nl} - 代币(30天){nl} - 头饰 - 波波利恩娃娃{nl}	마우스 우클릭 시 사용되며 구성물을 획득할 수 있습니다.{nl} - 266 TP{nl} - 토큰 (30일){nl} - 헤어 악세서리 - 포포리온 인형{nl}	ETC_20160320_021189	点击滑鼠右键即可使用并获得内容物。{nl} - 380 TP{nl} - VIP (30天){nl} - 髮饰 - 波波小狮王人偶{nl}	마우스 우클릭 시 사용되며 구성물을 획득할 수 있습니다.{nl} - 380 TP{nl} - 토큰 (30일){nl} - 헤어 악세서리 - 포포리온 인형{nl}	
INTL_20160425_000016	为服务器内所有角色赋予代币的好处,持续60天.右键点击使用.{nl}[代币的好处]{nl} - 可以瞬间学习属性{nl} - 市场佣金减少(30% {img white_right_arrow 16 16} 10%){nl} - 可以在市场上列出多达5个物品{nl} - 角色移动速度增加3{nl} - 狩猎怪物时EXP增加20%{nl} - 可以使用高级手势{nl} - 最大BUFF数量增加{nl} - 可以使用个人交易最多60次	마우스 우클릭 시 사용되며 서버 내 모든 캐릭터에 사용 시점으로부터 60일간 혜택이 적용됩니다.{nl}[토큰 효과]{nl} - 특성 즉시 수련 가능{nl} - 마켓 판매 수수료율 감소(30%{img white_right_arrow 16 16}10%){nl} - 마켓 판매 등록 아이템 개수 5개{nl} - 캐릭터 이동속도 +3 증가{nl} - 몬스터 처치 시 경험치 +20% 증가{nl}(PC방 혜택, 경험의 서 효과와 중첩 가능){nl} - 프리미엄 제스쳐 사용 가능{nl} - 최대 버프 적용 개수 증가{nl} - 개인 거래 60회 가능	INTL_20160326_000005	为服务器内所有角色赋予代币的好处,持续60天.右键点击使用.{nl}[代币的好处]{nl} - 可以同时学习多达2个属性{nl} - 市场佣金减少(30% {img white_right_arrow 16 16} 10%){nl} - 可以在市场上列出多达5个物品{nl} - 角色移动速度增加3{nl} - 狩猎怪物时EXP增加30%{nl}(与EXP图腾的效果叠加){nl} - 可以使用高级手势{nl} - 最大BUFF数量增加{nl} - 可以使用个人交易最多60次	마우스 우클릭 시 사용되며 서버 내 모든 캐릭터에 사용 시점으로부터 60일간 혜택이 적용됩니다.{nl}[토큰 효과]{nl} - 특성 스킬 2개 동시 수련 가능{nl} - 마켓 판매 수수료율 감소(30%{img white_right_arrow 16 16}10%){nl} - 마켓 판매 등록 아이템 개수 5개{nl} - 캐릭터 이동속도 +3 증가{nl} - 몬스터 처치 시 경험치 +20% 증가{nl}(PC방 혜택, 경험의 서 효과와 중첩 가능){nl} - 프리미엄 제스쳐 사용 가능{nl} - 최대 버프 적용 개수 증가{nl} - 개인 거래 60회 가능	
INTL_20160425_000017	为服务器内所有角色赋予代币的好处,持续30天.右键点击使用.{nl}[代币的好处]{nl} - 可以瞬间学习属性{nl} - 市场佣金减少(30% {img white_right_arrow 16 16} 10%){nl} - 可以在市场上列出多达5个物品{nl} - 角色移动速度增加3{nl} - 狩猎怪物时EXP增加30%{nl} - 可以使用高级手势{nl} - 最大BUFF数量增加{nl} - 可以使用个人交易最多30次{nl} - 额外进入1个任务和地下城实例	마우스 우클릭 시 사용되며 서버 내 모든 캐릭터에 사용 시점으로부터 30일간 혜택이 적용됩니다.{nl}[토큰 효과]{nl} - 특성 즉시 수련 가능{nl} - 마켓 판매 수수료율 감소(30%{img white_right_arrow 16 16}10%){nl} - 마켓 판매 등록 아이템 개수 5개{nl} - 캐릭터 이동속도 +3 증가{nl} - 몬스터 처치 시 경험치 +30% 증가{nl}(PC방 혜택, 경험의 서 효과와 중첩 가능){nl} - 프리미엄 제스쳐 사용 가능{nl} - 최대 버프 적용 개수 증가{nl} - 개인 거래 30회 가능{nl} - 개인 거래 횟수 30회{nl} - 미션,던전 1회 추가입장	ETC_20160320_021192	为服务器内所有角色赋予代币的好处，持续30天。右键点击使用。{nl}[代币的好处]{nl} - 可以同时学习多达2个属性{nl} - 市场佣金减少（30% {img white_right_arrow 16 16} 10%）{nl} - 可以在市场上列出多达5个物品{nl} - 角色移动速度增加3{nl} - 狩猎怪物时EXP增加30%{nl}(与EXP图腾的效果叠加){nl} - 可以使用高级手势{nl} - 最大BUFF数量增加{nl} - 可以使用个人交易最多30次{nl} - 额外进入1个任务和地下城实例	마우스 우클릭 시 사용되며 서버 내 모든 캐릭터에 사용 시점으로부터 30일간 혜택이 적용됩니다.{nl}[토큰 효과]{nl} - 특성 스킬 2개 동시 수련 가능{nl} - 마켓 판매 수수료율 감소(30%{img white_right_arrow 16 16}10%){nl} - 마켓 판매 등록 아이템 개수 5개{nl} - 캐릭터 이동속도 +3 증가{nl} - 몬스터 처치 시 경험치 +30% 증가{nl}(PC방 혜택, 경험의 서 효과와 중첩 가능){nl} - 프리미엄 제스쳐 사용 가능{nl} - 최대 버프 적용 개수 증가{nl} - 개인 거래 30회 가능{nl} - 개인 거래 횟수 30회{nl} - 미션,던전 1회 추가입장	
INTL_20160425_000018	为服务器内所有角色赋予代币的好处,持续60天.右键点击使用.{nl}[代币的好处]{nl} - 可以瞬间学习属性{nl} - 市场佣金减少(30% {img white_right_arrow 16 16} 10%){nl} - 可以在市场上列出多达5个物品{nl} - 角色移动速度增加3{nl} - 狩猎怪物时EXP增加30%{nl} - 可以使用高级手势{nl} - 最大BUFF数量增加{nl} - 可以使用个人交易最多60次{nl} - 额外进入1个任务和地下城实例	마우스 우클릭 시 사용되며 서버 내 모든 캐릭터에 사용 시점으로부터 60일간 혜택이 적용됩니다.{nl}[토큰 효과]{nl} - 특성 스킬 즉시 수련 가능{nl} - 마켓 판매 수수료율 감소(30%{img white_right_arrow 16 16}10%){nl} - 마켓 판매 등록 아이템 개수 5개{nl} - 캐릭터 이동속도 +3 증가{nl} - 몬스터 처치 시 경험치 +30% 증가{nl}(PC방 혜택, 경험의 서 효과와 중첩 가능){nl} - 프리미엄 제스쳐 사용 가능{nl} - 최대 버프 적용 개수 증가{nl} - 개인 거래 60회 가능{nl} - 미션,던전 추가 1회 추가입장	ETC_20160320_021194	为服务器内所有角色赋予代币的好处，持续30天。右键点击使用。{nl}[代币的好处]{nl} - 可以同时学习多达2个属性{nl} - 市场佣金减少（30% {img white_right_arrow 16 16} 10%）{nl} - 可以在市场上列出多达5个物品{nl} - 角色移动速度增加3{nl} - 狩猎怪物时EXP增加30%{nl}(与EXP图腾的效果叠加){nl} - 可以使用高级手势{nl} - 最大BUFF数量增加{nl} - 可以使用个人交易最多60次{nl} - 额外进入1个任务和地下城实例	마우스 우클릭 시 사용되며 서버 내 모든 캐릭터에 사용 시점으로부터 60일간 혜택이 적용됩니다.{nl}[토큰 효과]{nl} - 특성 스킬 2개 동시 수련 가능{nl} - 마켓 판매 수수료율 감소(30%{img white_right_arrow 16 16}10%){nl} - 마켓 판매 등록 아이템 개수 5개{nl} - 캐릭터 이동속도 +3 증가{nl} - 몬스터 처치 시 경험치 +30% 증가{nl}(PC방 혜택, 경험의 서 효과와 중첩 가능){nl} - 프리미엄 제스쳐 사용 가능{nl} - 최대 버프 적용 개수 증가{nl} - 개인 거래 60회 가능{nl} - 미션,던전 추가 1회 추가입장	
INTL_20160426_000019	为服务器内所有角色赋予代币的好处,持续60天.右键点击使用.{nl}[代币的好处]{nl} - 可以同时学习多达2个属性{nl} - 市场佣金减少(30% {img white_right_arrow 16 16} 10%){nl} - 可以在市场上列出多达5个物品{nl} - 角色移动速度增加3{nl} - 狩猎怪物时EXP增加30%{nl}(与EXP图腾的效果叠加){nl} - 可以使用高级手势{nl} - 最大BUFF数量增加{nl} - 可以使用个人交易最多60次	마우스 우클릭 시 사용되며 서버 내 모든 캐릭터에 사용 시점으로부터 60일간 혜택이 적용됩니다.{nl}[토큰 효과]{nl} - 특성 즉시 수련 가능{nl} - 마켓 판매 수수료율 감소(30%{img white_right_arrow 16 16}10%){nl} - 마켓 판매 등록 아이템 개수 9개{nl} - 캐릭터 이동속도 +3 증가{nl} - 몬스터 처치 시 경험치 +20% 증가{nl}(PC방 혜택, 경험의 서 효과와 중첩 가능){nl} - 프리미엄 제스쳐 사용 가능{nl} - 최대 버프 적용 개수 증가{nl} - 개인 거래 60회 가능	INTL_20160425_000016	为服务器内所有角色赋予代币的好处,持续60天.右键点击使用.{nl}[代币的好处]{nl} - 可以瞬间学习属性{nl} - 市场佣金减少(30% {img white_right_arrow 16 16} 10%){nl} - 可以在市场上列出多达5个物品{nl} - 角色移动速度增加3{nl} - 狩猎怪物时EXP增加20%{nl} - 可以使用高级手势{nl} - 最大BUFF数量增加{nl} - 可以使用个人交易最多60次	마우스 우클릭 시 사용되며 서버 내 모든 캐릭터에 사용 시점으로부터 60일간 혜택이 적용됩니다.{nl}[토큰 효과]{nl} - 특성 즉시 수련 가능{nl} - 마켓 판매 수수료율 감소(30%{img white_right_arrow 16 16}10%){nl} - 마켓 판매 등록 아이템 개수 5개{nl} - 캐릭터 이동속도 +3 증가{nl} - 몬스터 처치 시 경험치 +20% 증가{nl}(PC방 혜택, 경험의 서 효과와 중첩 가능){nl} - 프리미엄 제스쳐 사용 가능{nl} - 최대 버프 적용 개수 증가{nl} - 개인 거래 60회 가능	
INTL_20160426_000020	为服务器内所有角色赋予代币的好处,持续30天.右键点击使用.{nl}[代币的好处]{nl} - 可以瞬间学习属性{nl} - 市场佣金减少(30% {img white_right_arrow 16 16} 10%){nl} - 可以在市场上列出多达10个物品{nl} - 角色移动速度增加3{nl} - 狩猎怪物时EXP增加30%{nl} - 可以使用高级手势{nl} - 最大BUFF数量增加{nl} - 可以使用个人交易最多30次{nl} - 额外的副本进入机会(任务和地下城)	마우스 우클릭 시 사용되며 서버 내 모든 캐릭터에 사용 시점으로부터 30일간 혜택이 적용됩니다.{nl}[토큰 효과]{nl} - 특성 즉시 수련 가능{nl} - 마켓 판매 수수료율 감소(30%{img white_right_arrow 16 16}10%){nl} - 마켓 판매 등록 아이템 개수 9개{nl} - 캐릭터 이동속도 +3 증가{nl} - 몬스터 처치 시 경험치 +30% 증가{nl}(PC방 혜택, 경험의 서 효과와 중첩 가능){nl} - 프리미엄 제스쳐 사용 가능{nl} - 최대 버프 적용 개수 증가{nl} - 개인 거래 30회 가능{nl} - 개인 거래 횟수 30회{nl} - 미션,던전 1회 추가입장	INTL_20160425_000017	为服务器内所有角色赋予代币的好处,持续30天.右键点击使用.{nl}[代币的好处]{nl} - 可以瞬间学习属性{nl} - 市场佣金减少(30% {img white_right_arrow 16 16} 10%){nl} - 可以在市场上列出多达5个物品{nl} - 角色移动速度增加3{nl} - 狩猎怪物时EXP增加30%{nl} - 可以使用高级手势{nl} - 最大BUFF数量增加{nl} - 可以使用个人交易最多30次{nl} - 额外的副本进入机会(任务和地下城)	마우스 우클릭 시 사용되며 서버 내 모든 캐릭터에 사용 시점으로부터 30일간 혜택이 적용됩니다.{nl}[토큰 효과]{nl} - 특성 즉시 수련 가능{nl} - 마켓 판매 수수료율 감소(30%{img white_right_arrow 16 16}10%){nl} - 마켓 판매 등록 아이템 개수 5개{nl} - 캐릭터 이동속도 +3 증가{nl} - 몬스터 처치 시 경험치 +30% 증가{nl}(PC방 혜택, 경험의 서 효과와 중첩 가능){nl} - 프리미엄 제스쳐 사용 가능{nl} - 최대 버프 적용 개수 증가{nl} - 개인 거래 30회 가능{nl} - 개인 거래 횟수 30회{nl} - 미션,던전 1회 추가입장	
INTL_20160426_000021	为服务器内所有角色赋予代币的好处,持续60天.右键点击使用.{nl}[代币的好处]{nl} - 可以同时学习多达2个属性{nl} - 市场佣金减少(30% {img white_right_arrow 16 16} 10%){nl} - 可以在市场上列出多达10个物品{nl} - 角色移动速度增加3{nl} - 狩猎怪物时EXP增加30%{nl}(与经验之书效果叠加){nl} - 可以使用高级手势{nl} - 最大BUFF数量增加{nl} - 可以使用个人交易最多60次{nl} - 额外的副本进入机会(任务和地下城)	마우스 우클릭 시 사용되며 서버 내 모든 캐릭터에 사용 시점으로부터 60일간 혜택이 적용됩니다.{nl}[토큰 효과]{nl} - 특성 스킬 즉시 수련 가능{nl} - 마켓 판매 수수료율 감소(30%{img white_right_arrow 16 16}10%){nl} - 마켓 판매 등록 아이템 개수 9개{nl} - 캐릭터 이동속도 +3 증가{nl} - 몬스터 처치 시 경험치 +30% 증가{nl}(PC방 혜택, 경험의 서 효과와 중첩 가능){nl} - 프리미엄 제스쳐 사용 가능{nl} - 최대 버프 적용 개수 증가{nl} - 개인 거래 60회 가능{nl} - 미션,던전 추가 1회 추가입장	INTL_20160425_000018	为服务器内所有角色赋予代币的好处,持续60天.右键点击使用.{nl}[代币的好处]{nl} - 可以瞬间学习属性{nl} - 市场佣金减少(30% {img white_right_arrow 16 16} 10%){nl} - 可以在市场上列出多达5个物品{nl} - 角色移动速度增加3{nl} - 狩猎怪物时EXP增加30%{nl} - 可以使用高级手势{nl} - 最大BUFF数量增加{nl} - 可以使用个人交易最多60次{nl} - 额外的副本进入机会(任务和地下城)	마우스 우클릭 시 사용되며 서버 내 모든 캐릭터에 사용 시점으로부터 60일간 혜택이 적용됩니다.{nl}[토큰 효과]{nl} - 특성 스킬 즉시 수련 가능{nl} - 마켓 판매 수수료율 감소(30%{img white_right_arrow 16 16}10%){nl} - 마켓 판매 등록 아이템 개수 5개{nl} - 캐릭터 이동속도 +3 증가{nl} - 몬스터 처치 시 경험치 +30% 증가{nl}(PC방 혜택, 경험의 서 효과와 중첩 가능){nl} - 프리미엄 제스쳐 사용 가능{nl} - 최대 버프 적용 개수 증가{nl} - 개인 거래 60회 가능{nl} - 미션,던전 추가 1회 추가입장	
INTL_20160512_000022	使用后可获得以下物品:{nl} - 190 TP{nl} - 代币:15天{nl} - 20个高浓度HP&SP药水{nl} - 15个灵魂晶石{nl} - 15个扩音器{nl} - 15个传送卷轴{nl}	마우스 우클릭 시 사용되며 구성물을 획득할 수 있습니다.{nl} - 190 TP{nl} - 토큰 - 증정용 (15일){nl} - 고농축 HP/SP포션 20개{nl} - 소울크리스탈 15개{nl} - 확성기 15개{nl} - 워프주문서 15개{nl}				
INTL_20160512_000023	用于获取190 TP.	사용 시 190 TP를 획득합니다.				
INTL_20160512_000024	使用后可获得以下物品:{nl} - 代币:30天{nl} - 4个附魔卷轴{nl} - 5个副本地下城重置券{nl}	마우스 우클릭 시 사용되며 구성물을 획득할 수 있습니다.{nl} - 토큰 (30일){nl} - 마법 부여 스크롤 X 4{nl} - 인던 입장 횟수 초기화권 X 5{nl}				
INTL_20160728_000025	为服务器中所有角色应用代币福利,持续30天.右键点击使用.{nl}[代币福利]{nl} - 可以瞬间学习属性{nl} - 市场佣金费用减少(30% {img white_right_arrow 16 16} 10%){nl} - 可以在市场上架最多10个物品{nl} - 角色移动速度增加+3{nl} - 猎杀怪物获得的经验值增加+30%{nl} - 可以使用高级表情动作{nl} - 增加最大BUFF数量{nl} - 可以使用个人交易,最多30次{nl} - 额外的任务和地下城进入次数+1	마우스 우클릭 시 사용되며 서버 내 모든 캐릭터에 사용 시점으로부터 30일간 혜택이 적용됩니다.{nl}[토큰 효과]{nl} - 특성 스킬 2개 동시 수련 가능{nl} - 마켓 판매 수수료율 감소(30%{img white_right_arrow 16 16}10%){nl} - 마켓 판매 등록 아이템 개수 9개{nl} - 캐릭터 이동속도 +3 증가{nl} - 몬스터 처치 시 경험치 +30% 증가{nl}(PC방 혜택, 경험의 서 효과와 중첩 가능){nl} - 프리미엄 제스쳐 사용 가능{nl} - 개인 거래 30회 가능{nl} - 개인 거래 횟수 30회{nl} - 미션,던전 1회 추가입장				
INTL_20160728_000026	为服务器中所有角色应用代币福利,持续60天.右键点击使用.{nl}[代币福利]{nl} - 可以瞬间学习属性{nl} - 市场佣金费用减少(30% {img white_right_arrow 16 16} 10%){nl} - 可以在市场上架最多10个物品{nl} - 角色移动速度增加+3{nl} - 猎杀怪物获得的经验值增加+30%{nl} - 可以使用高级表情动作{nl} - 增加最大BUFF数量{nl} - 可以使用个人交易,最多60次{nl} - 额外的任务和地下城进入次数+1	마우스 우클릭 시 사용되며 서버 내 모든 캐릭터에 사용 시점으로부터 60일간 혜택이 적용됩니다.{nl}[토큰 효과]{nl} - 특성 즉시 수련 가능{nl} - 마켓 판매 수수료율 감소(30%{img white_right_arrow 16 16}10%){nl} - 마켓 판매 등록 아이템 개수 9개{nl} - 캐릭터 이동속도 +3 증가{nl} - 몬스터 처치 시 경험치 +30% 증가{nl}(PC방 혜택, 경험의 서 효과와 중첩 가능){nl} - 프리미엄 제스쳐 사용 가능{nl} - 최대 버프 적용 개수 증가{nl} - 개인 거래 60회 가능{nl} - 미션,던전 1회 추가입장	INTL_20160426_000019	授予服务器中所有角色代币福利,持续60天.右键点击使用.{nl}[代币福利]{nl} - 可以同时学习最多2个属性{nl} - 市场佣金费用减少(30% {img white_right_arrow 16 16} 10%){nl} - 可以在市场上架最多5个物品{nl} - 角色移动速度增加+3{nl} - 猎杀怪物获得的经验值增加+30%{nl}(与EXP图腾效果叠加){nl} - 可以使用高级表情动作{nl} - 增加最大BUFF数量{nl} - 可以使用个人交易,最多60次{nl}	마우스 우클릭 시 사용되며 서버 내 모든 캐릭터에 사용 시점으로부터 60일간 혜택이 적용됩니다.{nl}[토큰 효과]{nl} - 특성 즉시 수련 가능{nl} - 마켓 판매 수수료율 감소(30%{img white_right_arrow 16 16}10%){nl} - 마켓 판매 등록 아이템 개수 9개{nl} - 캐릭터 이동속도 +3 증가{nl} - 몬스터 처치 시 경험치 +20% 증가{nl}(PC방 혜택, 경험의 서 효과와 중첩 가능){nl} - 프리미엄 제스쳐 사용 가능{nl} - 최대 버프 적용 개수 증가{nl} - 개인 거래 60회 가능	
INTL_20160728_000027	为服务器中所有角色应用代币福利,持续30天.右键点击使用.{nl}[代币福利]{nl} - 可以瞬间学习属性{nl} - 市场佣金费用减少(30% {img white_right_arrow 16 16} 10%){nl} - 可以在市场上架最多10个物品{nl} - 角色移动速度增加+3{nl} - 猎杀怪物获得的经验值增加+30%{nl} - 可以使用高级表情动作{nl} - 增加最大BUFF数量{nl} - 可以使用个人交易,最多30次{nl} - 额外的任务和地下城进入次数+1	마우스 우클릭 시 사용되며 서버 내 모든 캐릭터에 사용 시점으로부터 30일간 혜택이 적용됩니다.{nl}[토큰 효과]{nl} - 특성 즉시 수련 가능{nl} - 마켓 판매 수수료율 감소(30%{img white_right_arrow 16 16}10%){nl} - 마켓 판매 등록 아이템 개수 9개{nl} - 캐릭터 이동속도 +3 증가{nl} - 몬스터 처치 시 경험치 +30% 증가{nl}(PC방 혜택, 경험의 서 효과와 중첩 가능){nl} - 프리미엄 제스쳐 사용 가능{nl} - 최대 버프 적용 개수 증가{nl} - 개인 거래 30회 가능{nl} - 미션,던전 1회 추가입장	INTL_20160426_000020	为服务器中所有角色应用代币福利,持续30天.右键点击使用.{nl}[代币福利]{nl} - 可以瞬间学习属性{nl} - 市场佣金费用减少(30% {img white_right_arrow 16 16} 10%){nl} - 可以在市场上架最多10个物品{nl} - 角色移动速度增加+3{nl} - 猎杀怪物获得的经验值增加+30%{nl} - 可以使用高级表情动作{nl} - 增加最大BUFF数量{nl} - 可以使用个人交易,最多30次{nl} - 额外进入1个任务和地下城实例	마우스 우클릭 시 사용되며 서버 내 모든 캐릭터에 사용 시점으로부터 30일간 혜택이 적용됩니다.{nl}[토큰 효과]{nl} - 특성 즉시 수련 가능{nl} - 마켓 판매 수수료율 감소(30%{img white_right_arrow 16 16}10%){nl} - 마켓 판매 등록 아이템 개수 9개{nl} - 캐릭터 이동속도 +3 증가{nl} - 몬스터 처치 시 경험치 +30% 증가{nl}(PC방 혜택, 경험의 서 효과와 중첩 가능){nl} - 프리미엄 제스쳐 사용 가능{nl} - 최대 버프 적용 개수 증가{nl} - 개인 거래 30회 가능{nl} - 개인 거래 횟수 30회{nl} - 미션,던전 1회 추가입장	
INTL_20160728_000028	为服务器中所有角色应用代币福利,持续7天.右键点击使用.{nl}[代币福利]{nl} - 可以瞬间学习属性{nl} - 市场佣金费用减少(30% {img white_right_arrow 16 16} 10%){nl} - 可以在市场上架最多10个物品{nl} - 角色移动速度增加+3{nl} - 猎杀怪物获得的经验值增加+30%{nl} - 可以使用高级表情动作{nl} - 增加最大BUFF数量{nl} - 额外进入1个任务和地下城实例	마우스 우클릭 시 사용되며 서버 내 모든 캐릭터에 사용 시점으로부터 7일간 혜택이 적용됩니다.{nl}[토큰 효과]{nl} - 특성 즉시 수련 가능{nl} - 마켓 판매 수수료율 감소(30%{img white_right_arrow 16 16}10%){nl} - 마켓 판매 등록 아이템 개수 9개{nl} - 캐릭터 이동속도 +3 증가{nl} - 몬스터 처치 시 경험치 +30% 증가{nl}(PC방 혜택, 경험의 서 효과와 중첩 가능){nl} - 프리미엄 제스쳐 사용 가능{nl} - 최대 버프 적용 개수 증가{nl} - 미션,던전 1회 추가입장				
INTL_20161107_000029	右键点击获取以下物品:{nl} - 150x 高浓度生命药水 {nl} -  150x 高浓度精神药水 {nl}- 20x 蜂蜜团子 {nl}- 20x 村庄支援药水{nl}- 10x 实例通关凭证 ★{nl}- 20x 灵魂水晶{nl} - 30x瞬移卷轴 {nl}- 10x 符文卷轴{nl} - 1x 技能重置药水{nl}- 1x 属性重置药水	마우스 우클릭 시 사용되며 구성물을 획득할 수 있습니다.{nl} - 고농축 HP포션 150개{nl} - 고농축 SP포션 150개{nl} - 대왕꿀송편 20개{nl}- 정착지원 포션 20개{nl}- 인스턴스 던전 소탕권 [★] 10개{nl}- 소울 크리스탈 20개{nl}- 워프주문서 30개{nl}- 마부스크롤 10개{nl}- 스킬 초기화 포션 1개{nl}- 스탯 초기화 포션 1개				
INTL_20161114_000030	市场销售白银付款延迟:24小时.	마켓 판매 실버대금 딜레이 24시간.				
INTL_20161114_000031	使用令牌时销售白银付款延迟:1小时.	토큰전용 판매실버대금 1시간.				
INTL_20161114_000032	使用令牌时销售白银付款延迟:24小时.	토큰전용 판매실버대금 24시간.	INTL_20161114_000031	使用令牌时销售白银付款延迟:1小时.	토큰전용 판매실버대금 1시간.	
INTL_20161121_000033	鼠标右键点击即可开启并获得箱子内容物.{nl} - 高浓缩HP药水 100个{nl} - 高浓缩SP药水 100个{nl} - 大王蜜松糕 10个{nl}- 定居支援药水 10个{nl}- 即时副本扫荡券 [★] 5个{nl}- 技能重置药水 1个{nl}- 属性重置药水 1个	마우스 우클릭 시 사용되며 구성물을 획득할 수 있습니다.{nl} - 고농축 HP포션 100개{nl} - 고농축 SP포션 100개{nl} - 대왕꿀송편 10개{nl}- 정착지원 포션 10개{nl}- 인스턴스 던전 소탕권 [★] 5개{nl}- 스킬 초기화 포션 1개{nl}- 스탯 초기화 포션 1개				
INTL_20161214_000034	VIP使用者不受上/下限价格影响.	토큰 사용자는 상/하안가에 영향을 받지 않는다.				
INTL_20161214_000035	VIP就算在市场交易后也可以继续交易吗?(1:可交易, 0:不可交易)	토큰은 마켓에서 거래한 이후에도 계속 거래 가능하게 할 것인가?(1:거래가능, 0:거래불가)				
INTL_20170510_000036	点击鼠标右键即可开启并获得箱子内容物.{nl} - VIP:7天[限时]{nl} - 魔法赋予卷轴(限时) 10个{nl} - 表情符号 Plus 礼包 : 波波小狮王{nl}- 简洁套装箱子{nl}- 芭蕉扇(30天){nl} - 赤红贝雷帽{nl} - 亮鲑红染色药{nl} - 绯红隐形眼镜{nl} - 定居支援药水 Lv2 10个{nl} -凯伊托恢复药水Lv2 20个	마우스 우클릭 시 사용되며 구성물을 획득할 수 있습니다.{nl} - 토큰:7일[증정용]{nl} - 마법 부여 스크롤(14일) 10개{nl} - 이모티콘 플러스 패키지 : 포포리온{nl}- 심플 코스튬 상자{nl}- 파초선(30일){nl} - 붉은 베레모{nl} - 라이트 살몬 염색약{nl} - 크림슨 렌즈{nl} - 정착 지원 포션 Lv2 10개{nl} - 케이스타스 회복포션Lv2 20개				
INTL_20170605_000037	为无名女王所制造的王冠.{nl} 可以到回收商店用代币交换.	이름없는 여왕을 위해서 제작된 왕관입니다.{nl} 리사이클샵에서 메달로 교환 가능합니다.				
INTL_20170605_000038	一种由长弹性材料制成的工具,当施加力时,转动产生能量.{nl} 可以在兑换商店中兑换为奖章.	축을 중심으로 돌려서 길다란 고탄성 소재를 감은뒤 그것이 돌아가는 힘을 이용해 동력을 만들어내는 장치입니다.{nl}리사이클샵에서 메달로 교환 가능합니다.				
INTL_20170605_000039	可以很快速地烤面包的工具.{nl} 可以到回收商店用代币交换.	쉽게 빠르게 빵을 굽는 도구입니다.{nl} 리사이클샵에서 메달로 교환 가능합니다.				
INTL_20170605_000040	这个世界传递情报的最新技能.{nl} 可以到回收商店用代币交换.	정보를 전달하는 이 세계의 최신 기술입니다.{nl} 리사이클샵에서 메달로 교환 가능합니다.				
INTL_20170703_000041	脖子可以转270度.{nl} 可以到回收商店用代币交换.	고개를 약 270도 까지 돌리는 것이 가능합니다.{nl} 리사이클샵에서 메달로 교환 가능합니다.				
INTL_20170703_000042	雕刻师所制作的可以戴的世界树雕刻头饰.{nl} 可以到回收商店用代币交换.	딥디르비가 만든 착용 가능한 세계수 조각 머리 장식입니다.{nl} 리사이클샵에서 메달로 교환 가능합니다.				
INTL_20170728_000043	斯巴达!!!!!{nl} 可以到回收商店用代币交换.	스파르타!!!!!{nl} 리사이클샵에서 메달로 교환 가능합니다.				
INTL_20170925_000044	为您服务器内的所有角色应用代币福利,持续30天.右键点击使用.{nl}[代币福利]{nl} - 能够瞬间学习属性{nl} - 市场佣金费用减少 (30% {img white_right_arrow 16 16} 10%){nl} - 能够在市场上架多达10个物品{nl} - 角色移动速度增加3{nl} - 猎杀怪物经验值增加30%{nl} - 能够使用高级姿势{nl} - BUFF最大数量增加{nl} - 能够使用个人交易,最高可用30次{nl} - 额外的任务和副本进入机会1次	마우스 우클릭 시 사용되며 서버 내 모든 캐릭터에 사용 시점으로부터 30일간 혜택이 적용됩니다.{nl}[토큰 효과]{nl} - 특성 스킬 2개 동시 수련 가능{nl} - 마켓 판매 수수료율 감소(30%{img white_right_arrow 16 16}10%){nl} - 마켓 판매 등록 아이템 개수 9개{nl} - 캐릭터 이동속도 +3 증가{nl} - 몬스터 처치 시 경험치 +30% 증가{nl}(PC방 혜택, 경험의 서 효과와 중첩 가능){nl} - 프리미엄 제스쳐 사용 가능{nl} - 개인 거래 30회 가능{nl} - 미션,던전 1회 추가입장{nl} - 살러스 수녀원 미션 완료 보상 +1	INTL_20160728_000025	为您服务器内的所有角色应用代币福利,持续30天.右键点击使用.{nl}[代币福利]{nl} - 能够瞬间学习属性{nl} - 市场佣金费用减少 (30% {img white_right_arrow 16 16} 10%){nl} - 能够在市场上架多达10个物品{nl} - 角色移动速度增加3{nl} - 猎杀怪物经验值增加30%{nl} - 能够使用高级动作{nl} - 增加BUFF的最大数量{nl} - 能够使用个人交易,最高可用30次{nl} - 额外的一个副本和任务入口	마우스 우클릭 시 사용되며 서버 내 모든 캐릭터에 사용 시점으로부터 30일간 혜택이 적용됩니다.{nl}[토큰 효과]{nl} - 특성 스킬 2개 동시 수련 가능{nl} - 마켓 판매 수수료율 감소(30%{img white_right_arrow 16 16}10%){nl} - 마켓 판매 등록 아이템 개수 9개{nl} - 캐릭터 이동속도 +3 증가{nl} - 몬스터 처치 시 경험치 +30% 증가{nl}(PC방 혜택, 경험의 서 효과와 중첩 가능){nl} - 프리미엄 제스쳐 사용 가능{nl} - 개인 거래 30회 가능{nl} - 개인 거래 횟수 30회{nl} - 미션,던전 1회 추가입장	
INTL_20170925_000045	为您服务器内的所有角色应用代币福利,持续30天.右键点击使用.{nl}[代币福利]{nl} - 可以瞬间学习属性{nl} - 市场佣金费用减少 (30% {img white_right_arrow 16 16} 10%){nl} - 可以上架市场多达10个物品{nl} - 角色移动速度增加3{nl} - 猎杀怪物经验值增加30%{nl} - 可以使用高级动作{nl} - 增加BUFF的最大数量{nl} - 可以上使用个人交易,最高可用30次{nl} - 额外的一个任务和副本入口	마우스 우클릭 시 사용되며 서버 내 모든 캐릭터에 사용 시점으로부터 30일간 혜택이 적용됩니다.{nl}[토큰 효과]{nl} - 특성 즉시 수련 가능{nl} - 마켓 판매 수수료율 감소(30%{img white_right_arrow 16 16}10%){nl} - 마켓 판매 등록 아이템 개수 9개{nl} - 캐릭터 이동속도 +3 증가{nl} - 몬스터 처치 시 경험치 +30% 증가{nl}(PC방 혜택, 경험의 서 효과와 중첩 가능){nl} - 프리미엄 제스쳐 사용 가능{nl} - 최대 버프 적용 개수 증가{nl} - 개인 거래 30회 가능{nl} - 미션,던전 1회 추가입장{nl} - 살러스 수녀원 미션 완료 보상 +1	INTL_20160728_000027	为您服务器内的所有角色应用代币福利,持续30天.右键点击使用.{nl}[代币福利]{nl} - 可以立即学习属性{nl} - 市场佣金费用减少 (30% {img white_right_arrow 16 16} 10%){nl} - 可以上架市场最多10个物品{nl} - 角色移动速度增加3点{nl} - 猎杀怪物经验值增加30%{nl} - 可以使用高级手势{nl} - 增加BUFF的最大数量{nl} - 可以上使用个人交易,最高可用30次{nl} - 额外的一个副本和任务入口	마우스 우클릭 시 사용되며 서버 내 모든 캐릭터에 사용 시점으로부터 30일간 혜택이 적용됩니다.{nl}[토큰 효과]{nl} - 특성 즉시 수련 가능{nl} - 마켓 판매 수수료율 감소(30%{img white_right_arrow 16 16}10%){nl} - 마켓 판매 등록 아이템 개수 9개{nl} - 캐릭터 이동속도 +3 증가{nl} - 몬스터 처치 시 경험치 +30% 증가{nl}(PC방 혜택, 경험의 서 효과와 중첩 가능){nl} - 프리미엄 제스쳐 사용 가능{nl} - 최대 버프 적용 개수 증가{nl} - 개인 거래 30회 가능{nl} - 미션,던전 1회 추가입장	
INTL_20170925_000046	为您服务器内的所有角色应用代币福利,持续60天.右键点击使用.{nl}[代币福利]{nl} - 可以同时学习最多2个属性{nl} - 市场佣金费用减少 (30% {img white_right_arrow 16 16} 10%){nl} - 可以上架市场最多10个物品{nl} - 角色移动速度增加3点{nl} - 猎杀怪物经验值增加30%{nl}(与经验之书效果叠加){nl} - 可以使用高级手势{nl} - 增加BUFF的最大数量{nl} - 可以上使用个人交易,最高可用60次{nl} - 额外的一个副本和任务入口	마우스 우클릭 시 사용되며 서버 내 모든 캐릭터에 사용 시점으로부터 60일간 혜택이 적용됩니다.{nl}[토큰 효과]{nl} - 특성 스킬 즉시 수련 가능{nl} - 마켓 판매 수수료율 감소(30%{img white_right_arrow 16 16}10%){nl} - 마켓 판매 등록 아이템 개수 9개{nl} - 캐릭터 이동속도 +3 증가{nl} - 몬스터 처치 시 경험치 +30% 증가{nl}(PC방 혜택, 경험의 서 효과와 중첩 가능){nl} - 프리미엄 제스쳐 사용 가능{nl} - 최대 버프 적용 개수 증가{nl} - 개인 거래 60회 가능{nl} - 미션,던전 추가 1회 추가입장{nl} - 살러스 수녀원 미션 완료 보상 +1	INTL_20160426_000021	为您服务器内的所有角色应用代币福利,持续60天.右键点击使用.{nl}[代币福利]{nl} - 可以同时学习最多2个属性{nl} - 市场佣金费用减少 (30% {img white_right_arrow 16 16} 10%){nl} - 可以上架市场最多10个物品{nl} - 角色移动速度增加3点{nl} - 猎杀怪物经验值增加30%{nl}(与经验之书效果叠加){nl} - 可以使用高级手势{nl} - 增加BUFF的最大数量{nl} - 可以上使用个人交易,最高可用60次{nl} - 额外的一个副本和任务入口	마우스 우클릭 시 사용되며 서버 내 모든 캐릭터에 사용 시점으로부터 60일간 혜택이 적용됩니다.{nl}[토큰 효과]{nl} - 특성 스킬 즉시 수련 가능{nl} - 마켓 판매 수수료율 감소(30%{img white_right_arrow 16 16}10%){nl} - 마켓 판매 등록 아이템 개수 9개{nl} - 캐릭터 이동속도 +3 증가{nl} - 몬스터 처치 시 경험치 +30% 증가{nl}(PC방 혜택, 경험의 서 효과와 중첩 가능){nl} - 프리미엄 제스쳐 사용 가능{nl} - 최대 버프 적용 개수 증가{nl} - 개인 거래 60회 가능{nl} - 미션,던전 추가 1회 추가입장	
INTL_20170925_000047	为您服务器内的所有角色应用代币福利,持续7天.右键点击使用.{nl}[代币福利]{nl} - 可以瞬间学习属性{nl} - 市场佣金费用减少 (30% {img white_right_arrow 16 16} 10%){nl} - 可以上架市场最多10个物品{nl} - 角色移动速度增加3点{nl} - 猎杀怪物经验值增加30%{nl} - 可以使用高级手势{nl} - 增加BUFF的最大数量{nl} - 额外的一个副本和任务入口	마우스 우클릭 시 사용되며 서버 내 모든 캐릭터에 사용 시점으로부터 7일간 혜택이 적용됩니다.{nl}[토큰 효과]{nl} - 특성 즉시 수련 가능{nl} - 마켓 판매 수수료율 감소(30%{img white_right_arrow 16 16}10%){nl} - 마켓 판매 등록 아이템 개수 9개{nl} - 캐릭터 이동속도 +3 증가{nl} - 몬스터 처치 시 경험치 +30% 증가{nl}(PC방 혜택, 경험의 서 효과와 중첩 가능){nl} - 프리미엄 제스쳐 사용 가능{nl} - 최대 버프 적용 개수 증가{nl} - 미션,던전 1회 추가입장{nl} - 살러스 수녀원 미션 완료 보상 +1	INTL_20160728_000028	为您服务器内的所有角色应用代币福利,持续7天.右键点击使用.{nl}[代币福利]{nl} - 可以瞬间学习属性{nl} - 市场佣金费用减少 (30% {img white_right_arrow 16 16} 10%){nl} - 可以上架市场最多10个物品{nl} - 角色移动速度增加3点{nl} - 猎杀怪物经验值增加30%{nl} - 可以使用高级手势{nl} - 增加BUFF的最大数量{nl} - 额外的一个任务和副本入口	마우스 우클릭 시 사용되며 서버 내 모든 캐릭터에 사용 시점으로부터 7일간 혜택이 적용됩니다.{nl}[토큰 효과]{nl} - 특성 즉시 수련 가능{nl} - 마켓 판매 수수료율 감소(30%{img white_right_arrow 16 16}10%){nl} - 마켓 판매 등록 아이템 개수 9개{nl} - 캐릭터 이동속도 +3 증가{nl} - 몬스터 처치 시 경험치 +30% 증가{nl}(PC방 혜택, 경험의 서 효과와 중첩 가능){nl} - 프리미엄 제스쳐 사용 가능{nl} - 최대 버프 적용 개수 증가{nl} - 미션,던전 1회 추가입장	
INTL_20171013_000048	特殊转化卷轴	특별한 변신 스크롤				
INTL_20171013_000049	允许用户变形的卷轴.	변신하는 스크롤입니다.				
INTL_20171013_000050	可以选择315制武器装备.	315제 무기 장비를 선택할 수 있습니다.				
INTL_20171023_000051	点击鼠标右键即可开始并获得内容物.{nl} - 小狗汽球{nl} - 钻石铁砧{nl} - 黄金铁砧 3个{nl}- 银光铁砧 3个{nl}- 强化银币折扣劵 : 10万银币10个{nl} - 特性点数 1,000{nl} - 高浓缩HP药水 20个{nl} - 高浓缩SP药水 20个{nl} - 定居支援药水Lv2 10个{nl} - 女神的雕像 5个{nl} - 高浓缩移动速度增加药水 5个	마우스 우클릭 시 사용되며 구성물을 획득할 수 있습니다.{nl} - 강아지 풍선{nl} - 다이아몬드 모루{nl} - 황금 모루 3개{nl}- 은빛 모루 3개{nl}- 강화 실버 할인 쿠폰 : 10만 실버 10개{nl} - 특성 포인트 1,000{nl} - 고농축 HP포션 20개{nl} - 고농축 SP포션 20개{nl} - 정착 지원 포션 Lv2 10개{nl} - 여신의 조각상 5개{nl} - 고농축 이동속도 증가 포션 5개				
INTL_20171103_000052	生存奖励魔方	생존 보상 큐브				
INTL_20171205_000053	- 可立即修练特性{nl} - 市场贩卖手续费率减少(30%{img white_right_arrow 16 16}10%){nl} - 市场贩卖登录道具数量10个{nl} - 角色移动速度+3{nl} - 任务、副本追加进场1次{nl} - 可以使用优惠动作{nl}	 - 특성 즉시 수련 가능{nl} - 마켓 판매 수수료율 감소(30%{img white_right_arrow 16 16}10%){nl} - 마켓 판매 등록 아이템 개수 10개{nl} - 캐릭터 이동속도 +3{nl} - 미션,던전 1회 추가입장{nl} - 프리미엄 제스쳐 사용 가능{nl}	INTL_20160323_000004	- 可以同时学习最多2个属性{nl} - 市场佣金费用减少 (30% {img white_right_arrow 16 16} 10%){nl} - 可以上架市场最多5个物品{nl} - 角色移动速度增加3点{nl} - 交易次数限制为30次{nl	- 특성 스킬 2개 동시 수련 가능{nl} - 마켓 판매 수수료율 감소(30%{img white_right_arrow 16 16}10%){nl} - 마켓 판매 등록 아이템 개수 5개{nl} - 캐릭터 이동속도 +3{nl} - 미션,던전 1회 추가입장{nl} - 최대 버프 적용 개수 증가{nl} - 프리미엄 제스쳐 사용 가능{nl}	
INTL_20171205_000054	赋予您服务器内的所有角色代币福利,持续30天.查看剩余时间在角色信息下.{nl}[代币福利]{nl} - 可以瞬间学习属性{nl} - 市场佣金费用减少 (30% {img white_right_arrow 16 16} 10%){nl} - 可以上架市场最多10个物品{nl} - 可以在市场外注册项目,不受最低/最高价格限制{nl} - 可以瞬间收回市场白银{nl} - 猎杀怪物经验值增加30%{nl}(与经验宝典效果叠加){nl} - 可以使用高级手势{nl} - 额外+1奖励从萨鲁斯任务{nl} - 可以使用个人交易最多30次{nl} - 入侵地下城2颗石头折扣	마우스 우클릭 시 사용되며 서버 내 모든 캐릭터에 사용 시점으로부터 30일간 혜택이 적용됩니다. 캐릭터 정보창에서 잔여 시간을 확인하실 수 있습니다.{nl}[토큰 효과]{nl} - 특성 즉시 수련 가능{nl} - 마켓 판매 수수료율 감소(30%{img white_right_arrow 16 16}10%){nl} - 마켓 판매 등록 아이템 개수 10개{nl} - 마켓 상/하한가 관계없이 물품 등록 가능{nl} - 마켓 판매금 즉시 수령{nl} - 캐릭터 이동속도 +3 증가{nl} - 몬스터 처치 시 경험치 +30% 증가{nl}(PC방 혜택, 경험의 서 효과와 중첩 가능){nl} - 팀 창고 이용 가능{nl} - 프리미엄 제스쳐 사용 가능{nl} - 개인 거래 30회 가능{nl} - 살러스 수녀원 미션 완료 보상 +1{nl} - 레이드 던전 입장 아이템 소모 개수 -2	INTL_20170925_000044	将代币福利应用于服务器内的所有角色,持续30天.右键点击使用.{nl}[代币福利]{nl} - 可以瞬间学习属性{nl} - 市场佣金费用减少 (30% {img white_right_arrow 16 16} 10%){nl} - 可以上架市场最多10个物品{nl} - 角色移动速度增加3点{nl} - 猎杀怪物经验值增加30%{nl} - 可以使用高级手势{nl} - 增加最大BUFF数量{nl} - 可以使用个人交易最多30次{nl} - 额外1个任务和地下城入口次数	마우스 우클릭 시 사용되며 서버 내 모든 캐릭터에 사용 시점으로부터 30일간 혜택이 적용됩니다.{nl}[토큰 효과]{nl} - 특성 스킬 2개 동시 수련 가능{nl} - 마켓 판매 수수료율 감소(30%{img white_right_arrow 16 16}10%){nl} - 마켓 판매 등록 아이템 개수 9개{nl} - 캐릭터 이동속도 +3 증가{nl} - 몬스터 처치 시 경험치 +30% 증가{nl}(PC방 혜택, 경험의 서 효과와 중첩 가능){nl} - 프리미엄 제스쳐 사용 가능{nl} - 개인 거래 30회 가능{nl} - 미션,던전 1회 추가입장{nl} - 살러스 수녀원 미션 완료 보상 +1	
INTL_20171222_000055	怪物卡片册箱子	몬스터 카드첩 상자				
INTL_20171222_000056	点击鼠标右键即可开启并获得箱子内容物.{nl} - 怪物卡片册 : 红色 x1{nl} - 怪物卡片册 : 蓝色 x1{nl} - 怪物卡片册 : 绿色 x1{nl} - 怪物卡片册 : 紫色 x1	마우스 우클릭 시 사용되며 구성물을 획득할 수 있습니다.{nl} - 몬스터 카드첩 : 레드 x1{nl} - 몬스터 카드첩 : 블루 x1{nl} - 몬스터 카드첩 : 그린 x1{nl} - 몬스터 카드첩 : 퍼플 x1				
INTL_20180102_000057	标题-2018 快乐新年	칭호 - 2018 Happy New Year				
INTL_20180102_000058	颁发给2018年新年祝福问候活动参与者的钥匙.{nl}看起来像是可以打开金条.	2018 Happy New Year Wishes Greetings 수상자에게 지급되는 열쇠입니다.{nl}금괴를 열 수 있을 것 같습니다.				
INTL_20180108_000059	颁发给2018年新年祝福问候活动参与者的钥匙.{nl}看起来像是可以打开某种金库.	2018 Happy New Year Wishes Greetings 수상자에게 지급되는 열쇠입니다.{nl}금고를 열 수 있을 것 같습니다.				
INTL_20180108_000060	从Facebook活动中获得了一把幸运钥匙!{nl}(2017年12月28日至2018年1月9日)	Lucky Key는 Facebook 이벤트에서 지급되었습니다.{nl}(2017년 12월 28일 ~ 2018년 1월 9일)				금괴
INTL_20180108_000061	金库	금고				
INTL_20180115_000062	颁发给Rank Update:4个新职业版!粉丝艺术节冠军的头衔.	Rank Update: 4 New Classes Edition! 수상자에게 지급되는 칭호입니다.				
INTL_20180115_000063	标题-新职业画家	칭호 - New Class Artist				
INTL_20180115_000064	颁发给Rank Update:4个新职业版!粉丝艺术节冠军的头衔.右键点击使用.	Rank Update: 4 New Classes Edition! 수상자에게 지급되는 칭호입니다. 마우스 오른쪽 클릭으로 사용합니다.				
INTL_20180122_000065	戈洛宝箱	고로 상자				
INTL_20180123_000066	家门的荣光 1阶段	가문의 영광 1단계				
INTL_20180123_000067	消灭怪物获得经验值 +20%	몬스터 처치 시 획득 경험치 +20%				
INTL_20180123_000068	家门的荣光 2阶段	가문의 영광 2단계				
INTL_20180123_000069	消灭怪物获得经验值 +40%	몬스터 처치 시 획득 경험치 +40%	SKILL_20161226_007304	狩猎怪物经验值+60%{nl}移动速度+2	몬스터 처치 시 획득 경험치 +60%{nl}이동 속도 +2	
INTL_20180123_000070	家门的荣光 3阶段	가문의 영광 3단계				
INTL_20180123_000071	消灭怪物获得经验值 +60%	몬스터 처치 시 획득 경험치 +60%	SKILL_20161226_007306	狩猎怪物经验值+90%{nl}移动速度+3	몬스터 처치 시 획득 경험치 +90%{nl}이동 속도 +3	
INTL_20180123_000072	家门的荣光 4阶段	가문의 영광 4단계				
INTL_20180123_000073	消灭怪物获得经验值 +80%	몬스터 처치 시 획득 경험치 +80%	SKILL_20161226_007308	狩猎怪物经验值+120%{nl}移动速度+4	몬스터 처치 시 획득 경험치 +120%{nl}이동 속도 +4	
INTL_20180123_000074	家门的荣光 5阶段	가문의 영광 5단계				
INTL_20180202_000075	少女的心意	소녀의 마음				
INTL_20180202_000076	有著甜甜的味道,可以让脑袋清晰的巧克力.使用时在60分钟经验值增加50%.	달달한 맛으로, 뇌의 회전을 도와주는 초콜릿입니다. 사용 시, 1시간동안 경험치 획득량 +50% 효과를 얻습니다.				
INTL_20180214_000077	冬季将尽	마지막 겨울 버프				
INTL_20180214_000078	消灭怪物时获得经验值 +30%	몬스터 처치 시 획득 경험치 +30%				
INTL_20180214_000079	冬季钥匙	겨울 열쇠				
INTL_20180214_000080	可以在冬季企鹅活动中使用的钥匙.{nl}(活动结束时统一删除.)	마지막 겨울 이벤트에서 사용되는 열쇠입니다.{nl}(이벤트 종료 시 일괄 삭제됩니다.)				
INTL_20180214_000081	冰锥(14天)	고드름(14일)				
INTL_20180214_000082	冰锥的冰融化之后,里面会有什么呢?{nl}(冰锥只能在木柴周围使用.)	고드름을 녹이면 무엇이 들어있을까요?{nl}(고드름은 장작 주위에서만 사용 가능합니다.)				
INTL_20180214_000083	只要收集10把冬季钥匙就送你「冬季企鹅」.{nl}(冬季钥匙可以在冬季企鹅活动中获得.)	Winter Key 10개를 모으시면 "윈터펭" 을 드립니다.{nl}(Winter Key는 2월 20일 이벤트에서 획득할 수 있습니다.)				금고
INTL_20180214_000084	正在进行冬季企鹅活动.{nl}参与活动可以得到冬季礼物和Buff,还有人见人爱的冬季企鹅.	마지막 겨울 이벤트가 진행 중입니다.{nl}마지막 겨울 선물과 버프는 물론, 신규 컴패니언 윈터펭도 만나보세요.				이벤트 알림판
INTL_20180214_000085	只要收集10把冬季钥匙就送你「冬季企鹅」.{nl}(到活动布告栏领取冬季企鹅活动的礼物吧!)	Winter Key 10개를 모으시면 "윈터펭" 을 드립니다.{nl}(이벤트 알림판에서 마지막 겨울 선물을 받으세요.)				금고
INTL_20180214_000086	使用冬季钥匙可以获得追加奖励.{nl}(每个冬季钥匙都有1次的追加奖励.)	Winter Key로 추가 보상을 받을 수 있습니다.{nl}(Winter Key 1개당 1회의 추가 보상이 주어집니다.)				금고
INTL_20180214_000087	已存在的Buff.	이미 버프가 존재합니다.				이벤트 알림판
INTL_20180214_000088	太早了.	너무 이릅니다.				이벤트 알림판
INTL_20180214_000089	冬季企鹅活动	마지막 겨울 이벤트				
INTL_20180214_000090	获得冬季企鹅活动BUFF	마지막 겨울 버프 받기				
INTL_20180214_000091	获得冬季企鹅活动礼物	마지막 겨울 선물 받기				
INTL_20180214_000092	周末经验助手	주말 경험치 지원				
INTL_20180219_000093	恶魔监狱公会(推荐等级:115){nl}只有你和你的队伍成员才能一起进入.{nl}确定要进入吗?	염원의 비석로 (권장 레벨:180)에 입장하시겠습니까?{nl}당신과 파티를 맺은 플레이어만이 함께 입장할 수 있습니다.				
INTL_20180219_000094	堕落的莱格温家族(推荐等级:230){nl}只有你和你的队伍成员才能一起进入.{nl}确定要进入吗?	쇠락한 르귄가문의 저택 (권장 레벨:230)에 입장하시겠습니까?{nl}당신과 파티를 맺은 플레이어만이 함께 입장할 수 있습니다.				
INTL_20180219_000095	地下城堡(推荐等级:300){nl}只有你和你的队伍成员才能一起进入.{nl}确定要进入吗?	캐슬 지하 (권장 레벨:300)에 입장하시겠습니까?{nl}당신과 파티를 맺은 플레이어만이 함께 입장할 수 있습니다.				
INTL_20180219_000096	经验助手	성장 지원 도우미				
INTL_20180305_000097	{nl}{CUBE} 使用次数 : {@st66d_y}{s18}{SUM}{/}{/}{nl}之后每使用{@st66d_y}{s18}{COUNT}{/}{/}次时,可以获得第{@st66d_y}{s18}{BOUNS}{/}{/}次奖励.{nl}现在可以获得{@st66d_y}{s18}{REWARD}{/}{/} 次奖励.{nl}您要领取吗?	 {nl}{CUBE} 사용 횟수 : {@st66d_y}{s18}{SUM}{/}{/}{nl}앞으로 {@st66d_y}{s18}{COUNT}{/}{/}회 사용시 {@st66d_y}{s18}{BOUNS}{/}{/}회 보상을 받을 수 있습니다.{nl}{@st66d_y}{s18}{REWARD}{/}{/} 회 보상을 받을 수 있습니다.{nl}수령하시겠습니까?				
INTL_20180305_000098	{nl}{CUBE} 使用次数 : {@st66d_y}{s18}{SUM}{/}{/}{nl}之后每使用{@st66d_y}{s18}{COUNT}{/}{/}次时,可以获得第{@st66d_y}{s18}{BOUNS}{/}{/}次奖励.  	 {nl}{CUBE}  사용 횟수 : {@st66d_y}{s18}{SUM}{/}{/}{nl}앞으로 {@st66d_y}{s18}{COUNT}{/}{/}회 사용시 {@st66d_y}{s18}{BOUNS}{/}{/}회 보상을 받을 수 있습니다.				
INTL_20180305_000099	红利魔方	보너스 큐브				
INTL_20180312_000100	颁发给第2周年粉丝绘图活动获奖者的头衔.	스팀 2주년 팬아트 수상자에게 주어지는 칭호 입니다.				
INTL_20180312_000101	标题-第二周年快乐!	칭호 - Happy 2nd Anniversary!				
INTL_20180312_000102	颁发给第2周年粉丝绘图活动获奖者的头衔.右键点击使用.	스팀 팬아트 수상자에게 지급되는 칭호입니다. 마우스 오른쪽 클릭으로 사용합니다.				
INTL_20180312_000103	{nl}您已被分配到队伍{@st66d_y}{s18}{TEAM}{/}{/}.{nl}击败怪物来收集{@st66d_y}{s18}{ITEM}s{/}{/}.	 {nl}{@st66d_y}{s18}{TEAM}{/}{/} 에 배정되었습니다.{nl}몬스터 처치시 {@st66d_y}{s18}{ITEM}{/}{/}을 획득할 수 있습니다.				
INTL_20180312_000104	物品兑换	아이템 교환				
INTL_20180312_000105	瓦伊沃拉团队挑战	마을 축제				
INTL_20180312_000106	活动BUFF	이벤트 버프				
INTL_20180316_000107	分享庆典用爆竹的力量.	기념을 축하하는 폭죽의 힘이 공유되고 있습니다.				
INTL_20180316_000108	闪亮的战斗鸦雀蛋	빛나는 전투 뱁새 알				
INTL_20180316_000109	2周年庆祝烟花	2주년 폭죽				
INTL_20180316_000110	2周年纪念活动道具.{nl}30分内给予组队全员移动速度+4、广域攻击比率+1、经验值增加25%的效果.	2주년 이벤트 아이템입니다.{nl} 30분간 파티원 전체의 이동속도 +4, 광역 공격 비율 +1 경험치 25% 증가의 효과를 줍니다.				
INTL_20180316_000111	活动传送卷轴 - 2周年活动开始	이벤트 워프 주문서 - 2주년 이벤트 시작				
INTL_20180316_000112	活动传送卷轴.{nl}使用它即可移动到第二周年庆祝活动NPC处.	이벤트용 워프 주문서입니다.{nl}사용 시 2주년 이벤트 시작 npc 앞으로 이동합니다.				
INTL_20180316_000113	2周年臂环	스팀 2주년 암밴드				
INTL_20180316_000114	为纪念2周年而制作的臂环.	스팀 2주년을 기념하여 제작된 암밴드 입니다.				
INTL_20180316_000115	微笑橙子🧡️	스마일 오렌지				
INTL_20180316_000116	橙子的小伙伴.这只奇怪的橙子以其多种表情而闻名,有些人认为它可能受到了梅德齐奥·迪耶纳(Medzio Diena)的影响.	GM 오렌지의 머리 위에있는 오렌지. 다양한 표정을 지을 수 있는 것으로 보아 Medzio Diena의 영향을 받았다고 의심된다.				
INTL_20180316_000117	沙丁鱼咖啡	정어리 커피				
INTL_20180316_000118	木瓜咖啡杯.尽管它装着咖啡(和沙丁鱼),但杯子里的东西永远不会洒出来,这让围观的人感到非常有趣.	GM 파파야의 커피. 살아있는 정어리가 들어있다. 마법적인 힘으로 인해 어떤 각도에서든 머리에서 떨어지지 않는다.				
INTL_20180316_000119	螺旋眼镜	뱅글 안경				
INTL_20180316_000120	诺博士著名的螺旋眼镜.戴上它们,手里拿着一罐红牛气泡饮料,可以获得最佳效果.副作用:可能引起头晕.	Dr. No의 안경. 일을 할 때 Red Ox과 같이 사용하면 효율이 높아진다고 한다. 주의: 같이있을 경우 어지러울 수 있다.				
INTL_20180316_000121	闪亮的战斗鸦雀礼包	빛나는 전투 뱁새 패키지				
INTL_20180316_000122	点击鼠标右键使用可以获得以下内容物.{nl} - 闪亮的战斗鸦雀蛋{nl} - 鸦雀饲料 50个	마우스 우클릭 시 사용되며 구성물을 획득할 수 있습니다.{nl} - 빛나는 전투 뱁새 알{nl} - 뱁새용 모이 50개				
INTL_20180316_000123	闪亮的企鹅礼包	빛나는 펭귄 패키지				
INTL_20180316_000124	点击鼠标右键使用可以获得以下内容物.{nl} - 闪亮的企鹅蛋{nl} - 沙丁鱼 50个	마우스 우클릭 시 사용되며 구성물을 획득할 수 있습니다.{nl} - 빛나는 펭귄 알{nl} - 정어리 50개				
INTL_20180316_000125	右键单击使用并获得以下物品.{nl} - 第二届周年庆活动手镯 x1{nl} - 叶子企鹅蛋 x1{nl} - 增强券:100,000 银币 x10{nl}- 属性点数:1,000 x1{nl}- 事件传送卷轴 - 开始第二届周年庆活动 x1{nl}- 高浓度生命药水 x20{nl}- 高浓度精神力药水 x20{nl}-Lv2 定居地支援药水 x10{nl}- 第二届周年庆烟花 x5{nl}- 女神雕像 x5{nl}- 高浓度移动速度药水 x5{nl}- 代币:15 天 [活动]	마우스 우클릭 시 사용되며 구성물을 획득할 수 있습니다.{nl} - 스팀 2주년 암밴드{nl} - 펭그린 알{nl} - 강화 실버 할인 쿠폰 : 10만 실버 10개{nl}- 특성 포인트 1,000{nl}- 이벤트 워프 주문서 - 2주년 이벤트 시작{nl}- 고농축 HP포션 20개{nl}- 고농축 SP포션 20개{nl}- 정착 지원 포션 Lv2 10개{nl}- 2주년 폭죽 5개{nl}- 여신의 조각상 5개{nl}- 고농축 이동속도 증가 포션 5개{nl}- 토큰:15일[증정용]				
INTL_20180326_000126	大师名册	마스터 명단 리스트				
INTL_20180326_000127	记录著持有邀请函的大师名单.{nl}(使时可以确认活动进行状况.)	초대장을 가진 마스터들의 명단을 기록하고 있습니다.{nl}(사용 시 이벤트 진행 상황을 확인할 수 있습니다.)				
INTL_20180326_000128	活动用传送卷轴.{nl}使用后会移动到2周年活动小帮手npc旁边.	이벤트용 워프 주문서입니다.{nl}사용 시 2주년 이벤트 도우미 npc 앞으로 이동합니다.	INTL_20180316_000112	一个活动传送卷轴.{nl}使用它来移动到第2周年纪念日活动NPC.	이벤트용 워프 주문서입니다.{nl}사용 시 2주년 이벤트 시작 npc 앞으로 이동합니다.	
INTL_20180326_000129	头衔 - 荣誉TPP记者	칭호 - Honorary TPP Reporter				
INTL_20180326_000130	授予《波波利恩邮报》荣誉记者的头衔.右键单击使用.	The Popolion Post 잡지의 명예 기자에게 지급되는 칭호입니다. 마우스 오른쪽 클릭으로 사용합니다.				
INTL_20180402_000131	一只可爱的气球狗.小心附近有刺的东西.	강아지 모양에 풍선 인형입니다. 찌르면 터질지도 모릅니다.				
INTL_20180402_000132	恶魔状态记录是/否[真:1,假:0]	Daemon State 기록 여부[True:1, False:0]				
INTL_20180406_000133	赋予找到[活动]启示的启示者的称号,点击鼠标右键即可使用.	[이벤트] 계시를 찾은 구원자에게 지급되는 칭호입니다. 마우스 오른쪽 클릭으로 사용합니다.				
INTL_20180406_000134	[活动]第一个启示	[이벤트]첫번째 계시				
INTL_20180406_000135	启示活动道具.{nl}可以在活动布告栏用活动道具交换称号.	계시 이벤트 아이템입니다.{nl}이벤트 알림판에서 칭호로 교환할 수 있습니다.				
INTL_20180406_000136	称号-[事件]水晶矿洞启示者	칭호 - [EVENT]Crystal Mine Revelation				
INTL_20180406_000137	请先获取水晶矿洞启示者称号.	칭호 - [이벤트]첫 번째 계시 획득자를 먼저 획득해 주세요.				이벤트 알림판
INTL_20180406_000138	获得称号	칭호 받기				
INTL_20180406_000139	获得 BUFF	버프 받기				
INTL_20180406_000140	第一个世界观活动:水晶矿山	첫 번째 세계관 이벤트 : 수정광산				
INTL_20180418_000141	让耐力恢复30.{nl}可使用目录{nl} - 贝哈伊勒 {nl} - 霍克鹰 {nl} - 绿企鹅 {nl}- 小猪 {nl} - 拉克斯顿 {nl} - 犰狳 {nl} - 金刚天狗 {nl} - 特务零零八	스태미나를 30 회복 시켜줍니다.{nl}사용가능 목록{nl} - 벨하이더 {nl} - 호글란 {nl} - 펭그린 {nl} - 아기돼지 {nl} - 락스돈 {nl} - 아르마딜로 {nl} - 금강불개 {nl} - 고로				
INTL_20180420_000142	佩迪米安守护魔方	페디미안 수호 큐브				
INTL_20180420_000143	送给守护佩迪米安的救援者的奖励.	페디미안을 수호한 구원자에게 주어지는 보상입니다.				
INTL_20180503_000144	[调查事件]{nl}奖品管理者	[설문 이벤트]{nl}   상품 교환원				
INTL_20180514_000145	缤纷城市活动参与中	비비드 시티 참여 중				
INTL_20180514_000146	无法使用技能.{nl}60分后移动至村庄.	스킬을 사용할 수 없습니다.{nl}60분 뒤 마을로 이동합니다.				
INTL_20180514_000147	特性点数箱 S级 (3个)	특성 포인트 상자 S급 (3개)				
INTL_20180514_000148	装著3个S级特性点数的箱子,点击鼠标右键即可开启并获得道具.	특성 포인트 상자 S급 3개가 들어있는 상자입니다. 마우스 오른쪽 버튼 클릭으로 사용하면 아이템이 지급됩니다.				
INTL_20180514_000149	匠人的钻石铁砧箱	장인의 다이아몬드 모루 상자				
INTL_20180514_000150	装有5个钻石铁砧的箱子,点击鼠标右键即可开启并获得道具.	다이아몬드 모루 5개가 들어있는 상자입니다. 마우스 오른쪽 버튼 클릭으로 사용하면 아이템이 지급됩니다.				
INTL_20180514_000151	匠人的武器秘密制作书箱 (Lv. 315)	장인의 무기 비밀 레시피 상자 (Lv. 315)				
INTL_20180514_000152	可以选择用少的材料制作315武器的秘密制作书,点击鼠标右键即可使用.	적은 재료로 315제 장비를 제작 가능한 비밀 레시피를 선택할 수 있습니다. 마우스 오른쪽 버튼 클릭으로 사용합니다.				
INTL_20180514_000153	配方 - 匠人的武器秘密艾布都查单手剑	장인의 비밀 제작서-아브도챠				
INTL_20180514_000154	配方 - 匠人的武器秘密萨克米斯	장인의 비밀 제작서-사크미스				
INTL_20180514_000155	配方 - 匠人的武器秘密斯寇史梅修	장인의 비밀 제작서-스컬 스매셔				
INTL_20180514_000156	配方 - 匠人的武器秘密里加德角法杖	장인의 비밀 제작서-리가드 혼 스태프				
INTL_20180514_000157	配方 - 匠人的武器秘密荣耀之心	장인의 비밀 제작서-하트 오브 글로리				
INTL_20180514_000158	配方 - 匠人的武器秘密骷髅粉碎者	장인의 비밀 제작서-스컬 브레이커				
INTL_20180514_000159	配方 - 匠人的武器秘密艾蒙加德匕首	장인의 비밀 제작서-에멘가드 대거				
INTL_20180514_000160	配方 - 匠人的武器秘密云夏德矛枪	장인의 비밀 제작서-윙샤드 스피어				
INTL_20180514_000161	配方 - 匠人的武器秘密里加德角长枪	장인의 비밀 제작서-리가드 혼 파이크				
INTL_20180514_000162	配方 - 匠人的武器秘密黑色魂魄	장인의 비밀 제작서-블랙 혼				
INTL_20180514_000163	配方 - 匠人的武器秘密里加德角十字弓	장인의 비밀 제작서-리가드 혼 크로스보우				
INTL_20180514_000164	配方 - 匠人的武器秘密阿斯特拉弓	장인의 비밀 제작서-아스트라 보우				
INTL_20180514_000165	配方 - 匠人的武器秘密亚斯帕娜左轮手枪	장인의 비밀 제작서-아스파나 리볼버				
INTL_20180514_000166	配方 - 匠人的武器秘密艾蒙加德火枪	장인의 비밀 제작서-에멘가드 머스킷				
INTL_20180514_000167	配方 - 匠人的武器秘密艾蒙加德重砲	장인의 비밀 제작서-에멘가드 캐논				
INTL_20180514_000168	配方 - 匠人的武器秘密艾蒙加德之盾	장인의 비밀 제작서-에멘가드 실드				
INTL_20180523_000169	为服务器中的所有角色授予代币福利,持续60天.查看剩余时间在角色信息下方.{nl}[代币福利]{nl} - 可以立即学习属性{nl} - 市场佣金费率降低(30% {img white_right_arrow 16 16} 10%){nl} - 可以在市场上架最多10个物品{nl} - 可以注册超出最低/最高价格限制的物品{nl} - 可以立即提取市场银币{nl}- 移动速度+3{nl} -猎杀怪物经验值+50%{nl}(与经验册效果叠加){nl}- 团队仓库槽位+30{nl} - 可以使用高级手势{nl} - 可以使用个人交易,最多60次	마우스 우클릭 시 사용되며 서버 내 모든 캐릭터에 사용 시점으로부터 60일간 혜택이 적용됩니다. 캐릭터 정보창에서 잔여 시간을 확인하실 수 있습니다.{nl}[토큰 효과]{nl} - 특성 즉시 수련 가능{nl} - 마켓 판매 수수료율 감소(30%{img white_right_arrow 16 16}10%){nl} - 마켓 판매 등록 아이템 개수 10개{nl} - 마켓 상/하한가 관계없이 물품 등록 가능{nl} - 마켓 판매금 즉시 수령{nl} - 캐릭터 이동속도 +3 증가{nl} - 몬스터 처치 시 경험치 +50% 증가{nl}(PC방 혜택, 경험의 서 효과와 중첩 가능){nl} - 팀 창고 +30칸 증가{nl} - 프리미엄 제스쳐 사용 가능{nl} - 개인 거래 60회 가능				
INTL_20180523_000170	为服务器中的所有角色授予代币福利,持续7天.查看剩余时间在角色信息下方.{nl}[代币福利]{nl} - 可以立即学习属性{nl} - 市场佣金费率降低(30% {img white_right_arrow 16 16} 10%){nl} - 可以在市场上架最多10个物品{nl} - 可以注册超出最低/最高价格限制的物品{nl} - 可以立即提取市场银币{nl}- 移动速度+3{nl} - 猎杀怪物经验值+50%{nl}(与经验册效果叠加){nl}- 团队仓库槽位+30{nl} - 可以使用高级手势	마우스 우클릭 시 사용되며 서버 내 모든 캐릭터에 사용 시점으로부터 7일간 혜택이 적용됩니다. 캐릭터 정보창에서 잔여 시간을 확인하실 수 있습니다.{nl}[토큰 효과]{nl} - 특성 즉시 수련 가능{nl} - 마켓 판매 수수료율 감소(30%{img white_right_arrow 16 16}10%){nl} - 마켓 판매 등록 아이템 개수 10개{nl} - 마켓 상/하한가 관계없이 물품 등록 가능{nl} - 마켓 판매금 즉시 수령{nl} - 캐릭터 이동속도 +3 증가{nl} - 몬스터 처치 시 경험치 +50% 증가{nl}(PC방 혜택, 경험의 서 효과와 중첩 가능){nl} - 팀 창고 +30칸 증가{nl} - 프리미엄 제스쳐 사용 가능				
INTL_20180525_000171	开启时可获得套装.{nl} - 应邀者套装(男){nl} - 应邀者套装(女)	사용 시 코스튬을 획득할 수 있습니다.{nl} - 초대에 응한 자 코스튬(남){nl} - 초대에 응한 코스튬(여)	INTL_20180326_000128	活动用传送卷轴.{nl}使用后会移动到2週年活动小帮手npc旁边.	이벤트용 워프 주문서입니다.{nl}사용 시 2주년 이벤트 도우미 npc 앞으로 이동합니다.	
INTL_20180615_000172	授予最具创意的TPP玩家的称号.鼠标右键使用.	Creative TPP Player에게 지급되는 칭호입니다. 마우스 오른쪽 클릭으로 사용합니다.				
INTL_20180615_000173	受诅咒之魂使用者	저주받은 혼 사용자				
INTL_20180615_000174	受诅咒之魂	저주받은 혼				
INTL_20180615_000175	对受诅咒的士兵秀出受诅咒之魂,就可以进入到受诅咒的地区.{nl}使用道具时,10分内套用移动速度+2、物理攻击力+50、魔法攻击力+50的效果.	저주받은 병사에게 보여주면 저주받은 지역으로 갈 수 있습니다.{nl}사용 시 10분 동안 이동속도 +2, 물리 공격력 +50, 마법 공격력 +50 증가합니다.				
INTL_20180615_000176	没有受诅咒之魂的人无法通过.	저주받은 혼이 없는 자는 이 앞을 지나갈 수 없다.				저주받은 병사
INTL_20180615_000177	你连要到受诅咒的海岸消灭怪物才能得到受诅咒之魂这事都不知道,真是个菜鸟.	저주받은 해안의 몬스터를 처치해야만 저주받은 혼을 구할 수 있는 것도 모르는 애송이로군.				저주받은 병사
INTL_20180615_000178	从某地传来的声音	어디선가 들려오는 목소리				
INTL_20180615_000179	只有靠受诅咒之魂才能唤醒受诅咒的石化鲸…	오직 저주받은 혼으로만 저주받은 석화 고래를 깨울 수 있지..				어디선가 들려오는 목소리
INTL_20180615_000180	秀出受诅咒之魂.	저주받은 혼을 보여준다.				
INTL_20180615_000181	{Name}已经唤醒受诅咒的石化鲸.	{Name}님이 저주받은 석화 고래를 깨웠습니다.				
INTL_20180723_000182	授予2018夏季粉丝艺术节获奖参赛者的头衔.鼠标右键使用.	Loving Summer 팬아트 수상자에게 지급되는 칭호입니다. 마우스 오른쪽 클릭으로 사용합니다.				
INTL_20180809_000183	授予活动参与者的头衔.鼠标右键使用.	이벤트 참여자에게 지급되는 칭호입니다. 마우스 오른쪽 클릭으로 사용합니다.				
INTL_20180809_000184	经验值+100%,移动速度+3,最大生命值增加{nl}生命、法力和耐力恢复,范围攻击比例+2	경험치 100% 증가, 이동속도 +3, 최대체력 증가{nl}HP, SP, 스태미너 회복, 광역 공격 비율 +2				
INTL_20180809_000185	经验值+100%,移动速度+3,拾取物品几率+100{nl}生命、法力和耐力恢复	경험치 100% 증가, 이동속도 +3, 루팅찬스 +100{nl}HP, SP, 스태미너 회복				
INTL_20180809_000186	[活动] 解锁抽奖券选择箱	[이벤트] 해금권 선택 상자				
INTL_20180809_000187	隐藏职业解锁券箱 {nl} 可解锁职业列表 {nl} - 信使解锁券 {nl} - 巫女解锁券 {nl} - 符文咒者解锁券 {nl} - 估价师解锁券 {nl} -泰拳战士解锁券{nl}事件期结束时将自动删除.	히든 직업 해금권 선택 상자 {nl} 선택 가능 목록 {nl} - 시노비 해금권 {nl} - 무녀 해금권 {nl} - 룬 캐스터 해금권 {nl} - 감정사 해금권 {nl} - 낙무아이 해금권{nl}(이벤트 종료 시 일괄 삭제됩니다.)				
INTL_20180809_000188	[活动] Lv 350 强化/超越武器选择箱	[이벤트] 350레벨 강화 및 초월 무기 선택 상자				
INTL_20180809_000189	用于选择一个稀有品质的lv350武器,强化到+11并转化到第5阶段.{nl}强化和转化将在选择武器后生效.{nl}事件期结束时,箱子将自动删除.	350레벨 레어 11강 5초월 무기를 지급 받을 수 있습니다.{nl}(강화 및 초월은 아이템 선택 시 적용됩니다.){nl}(이벤트 종료 시 일괄 삭제됩니다.)				
INTL_20180809_000190	参加活动的玩家专属称号.右击使用.	이벤트에 참여자에게 지급되는 칭호입니다. 마우스 오른쪽 클릭으로 사용합니다.				
INTL_20180809_000191	[友人] 贝尔塔斯 拉菲剑	[우정] 베르타스 라파이 소드				
INTL_20180809_000192	[友人] 贝尔塔斯 拉菲双手剑	[우정] 베르타스 라파이 투 핸드 소드				
INTL_20180809_000193	[友人] 贝尔塔斯 拉菲魔杖	[우정] 베르타스 라파이 로드				
INTL_20180809_000194	[友人] 贝尔塔斯 拉菲弓	[우정] 베르타스 라파이 보우				
INTL_20180809_000195	[Friend] 贝尔塔斯 拉菲弩弓	[우정] 베르타스 라파이 크로스보우				
INTL_20180809_000196	[Friend] 贝尔塔斯 拉菲锤槌	[우정] 베르타스 라파이 메이스				
INTL_20180809_000197	[Friend] 贝尔塔斯 拉菲双手锤槌	[우정] 베르타스 라파이 투 핸드 메이스				
INTL_20180809_000198	[Friend] 贝尔塔斯 拉菲盾牌	[우정] 베르타스 라파이 실드				
INTL_20180809_000199	[Friend] 贝尔塔斯 拉菲长矛	[우정] 베르타스 라파이 스피어				
INTL_20180809_000200	[Friend] 贝尔塔斯 拉菲骑兵枪	[우정] 베르타스 라파이 파이크				
INTL_20180809_000201	[Friend] 贝尔塔斯 拉菲匕首	[우정] 베르타스 라파이 대거				
INTL_20180809_000202	[Friend] 贝尔塔斯 拉菲法杖	[우정] 베르타스 라파이 스태프				
INTL_20180809_000203	[Friend] 贝尔塔斯 拉菲手枪	[우정] 베르타스 라파이 피스톨				
INTL_20180809_000204	[Friend] 贝尔塔斯 拉菲花剑	[우정] 베르타스 라파이 레이피어				
INTL_20180809_000205	[Friend] 贝尔塔斯 拉菲大炮	[우정] 베르타스 라파이 캐논				
INTL_20180809_000206	[Friend] 贝尔塔斯 拉菲长枪	[우정] 베르타스 라파이 머스킷				
INTL_20180809_000207	[Event] 美子解锁兑换券	[이벤트] 무녀 클래스 해금권				
INTL_20180809_000208	用于解锁巫女职业,在达到第6级之后.右键点击使用.{nl}事件期结束时,将自动删除.	사용 시 6랭크 달성 후 무녀 클래스를 선택할 수 있습니다. 마우스 오른쪽 클릭으로 사용합니다.{nl}(이벤트 종료 시 일괄 삭제됩니다.)				
INTL_20180809_000209	[Event] 估价师解锁兑换券	[이벤트] 감정사 클래스 해금권				
INTL_20180809_000210	用于解锁鉴定师职业,在达到第5级之后.右键点击使用.{nl}事件期结束时,将自动删除.	사용 시 5랭크 달성 후 감정사 클래스를 선택할 수 있습니다. 마우스 오른쪽 클릭으로 사용합니다.{nl}(이벤트 종료 시 일괄 삭제됩니다.)				
INTL_20180809_000211	[Event] 符文吟唱者解锁兑换券	[이벤트] 룬캐스터 클래스 해금권				
INTL_20180809_000212	用于解锁符文咏唱者职业,在达到第6级之后.右键点击使用.{nl}事件期结束时,将自动删除.	사용 시 6랭크 달성 후 룬캐스터 클래스를 선택할 수 있습니다. 마우스 오른쪽 클릭으로 사용합니다.{nl}(이벤트 종료 시 일괄 삭제됩니다.)				
INTL_20180809_000213	[Event] 忍者解锁兑换券	[이벤트] 시노비 클래스 해금권				
INTL_20180809_000214	用于解锁忍者职业,在达到第7级之后.右键点击使用.{nl}事件期结束时,将自动删除.	사용 시 7랭크 달성 후 시노비 클래스를 선택할 수 있습니다. 마우스 오른쪽 클릭으로 사용합니다.{nl}(이벤트 종료 시 일괄 삭제됩니다.)				
INTL_20180809_000215	[Event] 那空泰拳解锁兑换券	[이벤트] 낙무아이 클래스 해금권				
INTL_20180809_000216	用于解锁泰拳职业,在达到第7级之后.右键点击使用.{nl}事件期结束时,将自动删除.	사용 시 7랭크 달성 후 낙무아이 클래스를 선택할 수 있습니다. 마우스 오른쪽 클릭으로 사용합니다.{nl}(이벤트 종료 시 일괄 삭제됩니다.)				
INTL_20180809_000217	2018 雷堤夏宝箱(8月)	2018 레티샤의 보물 상자(시즌1)				
INTL_20180809_000218	邀请好友活动助手	친구 추천 이벤트 도우미				
INTL_20180809_000219	邀请好友活动现在开放!{nl}与你的朋友一起登录,获得buff和奖励!	친구 추천 이벤트가 진행 중입니다.{nl}친구와 함께 접속 시 다양한 보상과 버프를 획득할 수 있습니다.				친구 추천 이벤트 도우미
INTL_20180809_000220	您不符合参加此次活动的条件.	이벤트 참여 대상이 아닙니다.				
INTL_20180809_000221	队伍 {#003399}{team}{/} 中没有等级达到50或以上的角色.	{#003399}{team}{/}팀 내에 50레벨 이상인 캐릭터가 없습니다.				
INTL_20180809_000222	获得{#003399}{team}{/}的支援	{#003399}{team}{/}의 성장 지원 받기				
INTL_20180809_000223	{#003399}{team}{/} 已上线.{nl} buff 已应用.	{#003399}{team}{/}님이 접속 중입니다.{nl}버프가 부여됩니다.				
INTL_20180809_000224	邀请好友助手	친구 추천 도우미				
INTL_20180817_000225	[活动] 提升/超越武器选择箱(14天)	[이벤트] 강화 및 초월 무기 선택 상자 (14일)				
INTL_20180817_000226	在等级 230 及以上使用,可以选择一个Lv 315 稀有武器(30 天),该武器已强化到 +10 并突破到第 3 阶段.{nl} (强化和突破是在装备选择后应用的.)	230레벨에 사용할 수 있는 315레벨 레어 10강 3초월 무기(30일)을 지급 받을 수 있습니다.{nl}(강화 및 초월은 아이템 선택 시 적용됩니다.)				
INTL_20180817_000227	[归还] 阿卜杜查(30天)	[복귀] 아브도챠 (30일)				
INTL_20180817_000228	[归还] 萨克米斯(30天)	[복귀] 사크미스 (30일)				
INTL_20180817_000229	[归还] 颅骨粉碎者(30天)	[복귀] 스컬 스매셔 (30일)				
INTL_20180817_000230	[归还] 尊敬之角法杖(30天)	[복귀] 리가드 혼 스태프 (30일)				
INTL_20180817_000231	[归还] 荣耀之心(30天)	[복귀] 하트 오브 글로리 (30일)				
INTL_20180817_000232	[归还] 颅骨碎击者(30天)	[복귀] 스컬 브레이커 (30일)				
INTL_20180817_000233	[归还] 埃门加德匕首(30天)	[복귀] 에멘가드 대거 (30일)				
INTL_20180817_000234	[归还] 飞翼坚枪(30天)	[복귀] 윙샤드 스피어 (30일)				
INTL_20180817_000235	[归还] 尊爵角枪(30天)	[복귀] 리가드 혼 파이크 (30일)				
INTL_20180817_000236	[归还] 黑角(30天)	[복귀] 블랙 혼 (30일)				
INTL_20180817_000237	[归还] 尊爵角弩(30天)	[복귀] 리가드 혼 크로스보우 (30일)				
INTL_20180817_000238	[归还] 星辰弓(30天)	[복귀] 아스트라 보우 (30일)				
INTL_20180817_000239	[归还] 阿斯帕纳左轮手枪(30天)	[복귀] 아스파나 리볼버 (30일)				
INTL_20180817_000240	[归还] 埃蒙加德大炮(30天)	[복귀] 에멘가드 캐논 (30일)				
INTL_20180817_000241	[归还] 埃蒙加德鸟铳(30天)	[복귀] 에멘가드 머스킷 (30일)				
INTL_20180817_000242	[归还] 埃蒙加德盾牌(30天)	[복귀] 에멘가드 실드 (30일)				
INTL_20180827_000243	颁发给游戏攻略创作者的称号.右键点击使用.	Game Guide Creator에게 지급되는 칭호입니다. 마우스 오른쪽 클릭으로 사용합니다.				
INTL_20180903_000244	{ds}{b}{#ffefd6}30分钟:{#fe7e00}10点	{ds}{b}{#ffefd6}30분:{#fe7e00}10 POINT				
INTL_20180903_000245	请点击Popo商店重试.	Popo Shop의 재시도 버튼을 클릭해주세요				
INTL_20180903_000246	Popo商店道具购买失败了,请重试.	Popo Shop 아이템 구매에 실패했습니다. 다시 시도해 주세요.				
INTL_20180903_000247	Popo商店点数不足.	Popo Shop 포인트가 부족합니다.				
INTL_20180907_000248	是否使用Mongo DB系统讯息储存/载入功能 Y/N	몽고 db에 특정 시스템 메시지 저장/로드 기능 사용할 것인지				
INTL_20180914_000249	战斗支援商店礼券(14天)	전투 지원 상점 이용권(14일)				
INTL_20180914_000250	打开一家商店,您可以购买药水、技能消耗品和其他有用的物品.	사용 시 전투에 필요한 물건을 구매할 수 있는 상점을 이용할 수 있습니다.				
INTL_20180914_000251	战斗支援商店礼券	전투 지원 상점 이용권				
INTL_20180914_000252	2018 雷堤夏宝箱(9月)	2018 레티샤의 보물 상자(시즌2)				
INTL_20180928_000253	授予2018万圣节粉丝艺术比赛冠军的称号.右键点击使用.	Horror Night 팬아트 수상자에게 지급되는 칭호입니다. 마우스 오른쪽 클릭으로 사용합니다.				
INTL_20181026_000254	您要选择获得参与10次的奖励吗?	받으실 10회 참여 횟수 보상을 선택해 주시겠어요?				큐폴 다이나
INTL_20181026_000255	技能重置药水(14天)、拉花小兔	스킬 초기화 포션 (14일), 거품 토끼				
INTL_20181026_000256	技能重置药水(14天)、拉花小猫	스킬 초기화 포션 (14일), 거품 고양이				
INTL_20181104_000257	2018 雷堤夏宝箱(10月)	2018 레티샤의 보물 상자(시즌3)				
INTL_20181111_000258	独特塔特	유니크 탈트				
INTL_20181111_000259	在塔特加工装置上可以交换装备道具.	탈트 가공 장치에서 장비 아이템으로 교환할 수 있습니다.				
INTL_20181111_000260	独特未鉴定双手武器选择箱	유니크 미감정 양손 무기 선택 상자				
INTL_20181111_000261	可以获得380级独特未鉴定装备道具.{nl}获得的装备道具无限制,可以进行所有交易.	380레벨 유니크 미감정 장비 아이템을 획득할 수 있습니다.{nl}획득한 장비 아이템은 무제한이며 모든 거래가 가능합니다.				
INTL_20181111_000262	独特未鉴定单手武器选择箱	유니크 미감정 한손 무기 선택 상자				
INTL_20181111_000263	独特未鉴定上衣选择箱	유니크 미감정 상의 선택 상자				
INTL_20181111_000264	独特未鉴定裤子选择箱	유니크 미감정 하의 선택 상자				
INTL_20181111_000265	独特未鉴定手套选择箱	유니크 미감정 장갑 선택 상자				
INTL_20181111_000266	独特未鉴定鞋子选择箱	유니크 미감정 신발 선택 상자				
INTL_20181111_000267	当区域服务器FPS降至每秒2帧以下时,编译跟踪数据的功能.	ZoneServer의 FPS가 2프레임 이하일때 트레이싱 정보를 수집하는 기능				
INTL_20181116_000268	TOS武器设计活动获胜者的头衔.右键点击使用.	TOS Weapon Designer 수상자에게 지급되는 칭호입니다. 마우스 오른쪽 클릭으로 사용합니다.				
INTL_20181116_000269	塔特加工装置	탈트 가공 장치				
INTL_20181211_000270	使用后将获得一个随机Lv 380 普里姆斯防具物品.	사용 시 380레벨 프리머스 방어구 아이템 중 한가지 아이템이 랜덤으로 지급됩니다.				
INTL_20181211_000271	使用后将获得一个随机Lv 380 普里姆斯武器/副武器物品.	사용 시 380레벨 프리머스 무기/보조무기 아이템 중 한가지 아이템이 랜덤으로 지급됩니다.				
INTL_20181229_000272	2018 莱蒂西娅宝箱(第4季)	2018 레티샤의 보물 상자(시즌4)				
INTL_20190102_000273	{@st66b}收藏	{@st66b}컬렉션				
INTL_20190104_000274	颁发给新年粉丝艺术事件获胜者的头衔.右键点击使用.	New Year Artist 수상자에게 지급되는 칭호입니다. 마우스 오른쪽 클릭으로 사용합니다.				
INTL_20190112_000275	本物品仅可用于改变其他物品的外观.{nl}当用作外观素材时,不消耗白银.{nl}可在兑换商店兑换成勋章.{nl}(此装束由来自 [SA] Silute 的 Lunmairetic 设计)	외형 변경 전용 아이템입니다.{nl}해당 아이템으로 외형 변경 시 소재와 실버를 소모하지 않습니다.{nl}리사이클샵에서 메달로 교환할 수 있습니다.{nl}(This costume is designed by Lunmairetic from Silute Server.)				
INTL_20190216_000276	波波商店 100点数购买券	포포샵 100 포인트 구매권				
INTL_20190216_000277	使用后可获得波波商店积分100点.{nl} - 仅可在波波积分商店活动期间内使用.	사용 시 포포샵 100 포인트가 추가됩니다.{nl} - 최대 포인트가 초과될 경우 사용할 수 없습니다.{nl} - 포포샵 이벤트 기간중에만 사용할 수 있습니다.				
INTL_20190216_000278	波波商店 500点数购买券	포포샵 500 포인트 구매권				
INTL_20190216_000279	使用后可获得波波商店积分500点.{nl} - 仅可在波波积分商店活动期间内使用.	사용 시 포포샵 500 포인트가 추가됩니다.{nl} - 최대 포인트가 초과될 경우 사용할 수 없습니다.{nl} - 포포샵 이벤트 기간중에만 사용할 수 있습니다.				
INTL_20190216_000280	波波商店 1,000点数购买券	포포샵 1000 포인트 구매권				
INTL_20190216_000281	使用后可获得波波商店积分1000点.{nl} - 仅可在波波积分商店活动期间内使用.	사용 시 포포샵 1000 포인트가 추가됩니다.{nl} - 최대 포인트가 초과될 경우 사용할 수 없습니다.{nl} - 포포샵 이벤트 기간중에만 사용할 수 있습니다.				
INTL_20190216_000282	生命恢复药水(1天)	HP 포션 (1일)				
INTL_20190216_000283	HP立刻恢复40%,11秒内每隔2秒HP恢复40%,点击鼠标右键使用,冷却时间20秒.	HP를 40% 즉시 회복시키고 2초 간격으로 11초 동안 HP를 40% 회복 시켜줍니다. 마우스 오른쪽 클릭으로 사용합니다. 재사용 대기시간 20초.				
INTL_20190216_000284	生命恢复药水(7天)	HP 포션 (7일)				
INTL_20190216_000285	SP立刻恢复40%,11秒内每隔2秒SP恢复40%,点击鼠标右键使用,冷却时间20秒.	SP를 40% 즉시 회복시키고 2초 간격으로 11초 동안 SP를 40% 회복 시켜줍니다. 마우스 오른쪽 클릭으로 사용합니다. 재사용 대기시간 20초.				
INTL_20190216_000286	技能恢复药水(1天)	SP 포션 (1일)				
INTL_20190216_000287	技能恢复药水(7天)	SP 포션 (7일)				
INTL_20190216_000288	制作书 - HP药水(1天)	제작서 - HP 포션 (1일)				
INTL_20190216_000289	制作书 - HP药水(7天)	제작서 - HP 포션 (7일)				
INTL_20190216_000290	制作书 - SP药水(1天)	제작서 - SP 포션 (1일)				
INTL_20190216_000291	制作书 - SP药水(7天)	제작서 - SP 포션 (7일)				
INTL_20190219_000292	这是可以制作道具的制作书.	아이템을 제작할 수 있는 제작서입니다.				
INTL_20190219_000293	只能在波波积分商店活动期间使用.	포포샵 이벤트 기간에만 사용 가능합니다.				
INTL_20190219_000294	无法超过{MAX}点.	{MAX}포인트를 초과할 수 없습니다.				
INTL_20190228_000295	庆典爆竹	축제 폭죽				
INTL_20190228_000296	大家的烟火节	모두의 불꽃 축제				
INTL_20190228_000297	收集庆典爆竹可以跟活动布告栏交换各种道具.{nl}(使用时,10分内移动速度+2、物理攻击力+50、魔法攻击力+50.)	축제 폭죽을 모아 이벤트 알림판으로부터 다양한 아이템으로 교환할 수 있습니다.{nl}(사용 시 10분 동안 이동속도 +2, 물리 공격력 +50, 마법 공격력 +50 증가합니다.)				
INTL_20190228_000298	庆典服装选择箱	축제 의상 코스튬 선택 상자				
INTL_20190228_000299	箱子里装有可以参加烟火节活动的庆典服装.	폭죽 축제 이벤트에 참여할 수 있는 축제 의상 코스튬이 담긴 상자입니다.				
INTL_20190228_000300	男性庆典服装(30天)	남성용 축제 의상 코스튬(30일)				
INTL_20190228_000301	适合穿去参加庆典的西装,穿上外观会改变.	축제에 입고가기 무난한 정장입니다. 착용하면 외형이 변경 됩니다.				
INTL_20190228_000302	女性庆典服装(30天)	여성용 축제 의상 코스튬(30일)				
INTL_20190228_000303	适合尔去参加庆典的洋装,穿上外观会改变.	축제에서 입기 무난한 드레스입니다. 착용하면 외형이 변경 됩니다.				
INTL_20190228_000304	活动期间穿著庆典服装去猎杀怪物,可以获得庆典爆竹.{nl}把庆典爆竹带来给我,可以交换各种道具.{nl}(在我周围使用庆典爆竹,可以额外获得「大家的烟火节」BUFF.)	이벤트 기간 동안 축제 의상을 입고 몬스터를 처치하면 축제 폭죽을 획득할 수 있습니다.{nl}축제 폭죽을 저에게 가져오시면 다양한 아이템으로도 교환할 수 있습니다.{nl}(제 주변에서 축제 폭죽을 사용하면 "모두의 불꽃 축제" 버프를 추가로 획득할 수 있습니다.)				Ninot
INTL_20190228_000305	{SEC}秒后发动「大家的烟火节」BUFF.	{SEC}초 후 "모두의 불꽃 축제" 버프가 발동 됩니다.				
INTL_20190228_000306	发动「大家的烟火节」BUFF!	모두의 불꽃 축제 버프가 발동합니다!				
INTL_20190228_000307	穿著庆典服使用庆典爆竹,{nl}可以额外获得{nl}「大家的烟火节」BUFF.	축제 의상을 입고 축제 폭죽을 사용하면{nl}"모두의 불꽃 축제"{nl}버프를 추가로 획득할 수 있습니다.				
INTL_20190305_000308	在活动期间获取特殊物品和Buff!{nl}出勤奖励:2019年3月13日-17日{nl}周末24小时Buff:2019年3月16日-17日及3月23日-24日	이벤트 기간동안 특별한 아이템과 버프를 획득할 수 있습니다.{nl}특별 접속 보상: 3월13일 ~ 3월17일{nl}주말 핫타임 24시간 버프: 3월16일 ~ 3월 17일, 3월23일 ~ 3월 24일				특별 접속 보상 이벤트 도우미
INTL_20190309_000309	音乐盒转蛋	3월 특판 큐브				
INTL_20190309_000310	音乐盒转蛋 x10+1	3월 특판 큐브 x10+1				
INTL_20190316_000311	获得甜甜的巧克力	달콤한 초콜릿 받기				
INTL_20190316_000312	非活动期间.	이벤트 기간이 아닙니다.				
INTL_20190322_000313	颁发给内容创作大赛优胜者的称号.右键点击使用.	Content Creator 수상자에게 지급되는 칭호입니다. 마우스 오른쪽 클릭으로 사용합니다.				
INTL_20190322_000314	颁发给《天堂OL》周年纪念活动优胜者的称号.右键点击使用.	Happy Anniversary 수상자에게 지급되는 칭호입니다. 마우스 오른쪽 클릭으로 사용합니다.				
INTL_20190405_000315	花叶	꽃잎				
INTL_20190405_000316	收集花叶好像会发生好事喔.	꽃잎을 모으면 좋은 일이 생길 것 같습니다.				
INTL_20190405_000317	花路魔方	꽃길 큐브				
INTL_20190405_000318	荷叶边装饰妖精套装选择箱	프릴 장식 페어리 코스튬 선택 상자				
INTL_20190405_000319	装有荷叶边装饰妖精套装的箱子,点击鼠标右键即可使用.	프릴 장식 페어리 코스튬이 들어있는 상자입니다. 마우스 오른쪽 버튼 클릭으로 사용합니다.				
INTL_20190405_000320	需要5个花叶.	꽃잎은 5개가 필요합니다.				이벤트 알림판
INTL_20190405_000321	您可以用前五片花瓣兑换樱花发卡.接下来的五片花瓣,可以兑换三色小吃发卡.	이벤트 기간동안 최초 꽃잎 5개는 삼색 경단 머리핀, 이후 꽃잎 5개는 벚꽃 머리핀으로 교환할 수 있습니다.				이벤트 알림판
INTL_20190405_000322	花路活动	꽃길 이벤트				
INTL_20190419_000323	检查速度外挂使用情况	스피드핵 체크 사용 여부				
INTL_20190501_000324	导师大赛冠军的称号.右键使用.	Guide Master 수상자에게 지급되는 칭호입니다. 마우스 오른쪽 클릭으로 사용합니다.				
INTL_20190611_000325	神秘魔方(男性)	Mystery Cube(남자)				
INTL_20190611_000326	神秘魔方(女性)	Mystery Cube(여자)				
INTL_20190611_000327	神秘魔方(男性)x10+1	Mystery Cube(남자) x10+1				
INTL_20190611_000328	神秘魔方(女性)x10+1	Mystery Cube(여자) x10+1				
INTL_20190628_000329	职业变更券 Lv.4 (1天){nl}属性重置药水 (1天){nl}活动期间内,每天可以领取3个.	클래스 변경권 Lv.4 (1일){nl}스탯 초기화 포션 (1일){nl}이벤트 기간 동안 매일 3개씩 지원해드리고 있습니다.	QUEST_20181207_010528	랭크 리셋 복권 (1일){nl}스탯 리셋 포션 (1일){nl}이벤트 기간 동안 매일마다 각 3개씩 받을 수 있습니다.(重新翻译)랭크 초기화 쿠폰 (1일){nl}스탯 초기화 포션 (1일){nl}이벤트 기간 동안 매일 3개씩 받을 수 있습니다.	랭크 초기화권 (1일){nl}스탯 초기화 포션 (1일){nl}이벤트 기간 동안 매일 3개씩 지원해드리고 있습니다.	초기화 지원 도우미
INTL_20190715_000330	标题 - 我的伙伴丘帕卡布拉	Title - 내친구 츄파카브라				
INTL_20190715_000331	参与“我的伙伴丘帕卡布拉”事件的标题.右键点击使用.	사막 츄파카브라 성장 시 지급되는 칭호입니다. 마우스 오른쪽 클릭으로 사용합니다.				
INTL_20190715_000332	活动期间获取特殊物品{nl}详细信息请参阅活动banner.	이벤트 기간동안 특별한 아이템을 획득할 수 있습니다.{nl}이벤트 배너를 참고해주세요.	INTL_20190305_000308	活动期间获取特殊物品和BUFF!{nl}签到奖励:2019年3月13日至17日{nl}周末24小时BUFF:2019年3月16-17日及3月23-24日	이벤트 기간동안 특별한 아이템과 버프를 획득할 수 있습니다.{nl}특별 접속 보상: 3월13일 ~ 3월17일{nl}주말 핫타임 24시간 버프: 3월16일 ~ 3월 17일, 3월23일 ~ 3월 24일	특별 접속 보상 이벤트 도우미
INTL_20190723_000333	用于钓鱼的特殊鱼饵.使用它作为鱼饵进行钓鱼时,可以各自不同的机率获得[活动]池塘内隐藏的宝箱、银色鱼、小银色鱼.	낚시에 사용하는 특별한 미끼입니다. 미끼로 사용할 경우 [이벤트]연못에 숨겨진 보물 상자, 은빛 물고기, 작은 은빛 물고기를 각기 다른 확률로 획득 할 수 있습니다.				
INTL_20190820_000334	[周末狂热] 经验值增加	[주말 버닝] 경험치 증가				
INTL_20190820_000335	经验值增加 +100%	경험치 증가 + 100%				
INTL_20190820_000336	[周末狂热] 移动速度增加	[주말 버닝] 이동 속도 증가				
INTL_20190820_000337	佩狄米安的铁匠戴利亚贝利斯要求的特殊装备制作材料.{nl}可以通关贝尔库波的巢穴、白鸦长眠地:传说、白鸦长眠地:独特、挑战5阶段、修女院任务、等级副本取得.{nl}活动结束后将统一删除.	페디미안의 대장장이 테리아베리스가 요청한 특별한 장비를 만들기 위한 특별한 재료입니다.{nl}벨코퍼의 둥지, 흰 까마귀의 영면지: 레전드, 흰 까마귀의 영면지: 유니크, 챌린지 5단계, 수녀원 미션, 레벨 던전 클리어 시 획득할 수 있습니다.{nl}4월 11일 점검 시, 일괄 삭제 됩니다				
INTL_20190820_000338	纪念2019年夏天的活动正热烈举办中.{nl}目前提供{#003399}[活动] 巴赛罗斯铸币{/}的兑换与公会活动奖励.	2019년 여름을 기념하는 이벤트가 진행 중입니다.{nl}{#003399}[이벤트] 바살로스 주화{/}  교환과 길드 활동 보상을 지원해드립니다.				이벤트 도우미
INTL_20190820_000339	2. {#003399}[Summer Festa]柯拉佩达避暑活动{/}的奖励兑换	2. {#003399}[Summer Festa] 클라페다에서 여름 나기 이벤트{/}의 보상 교환				이벤트 도우미
INTL_20190820_000340	通关:5个{nl}- 独特远征队	 클리어 : 5개{nl}- 유니크 레이드 				대장장이 테리아베리스
INTL_20190820_000341	通关:5个{nl}- 通关挑战模式5阶段以上:2个{nl}- 通关修女院任务:1个{nl}- 通关等级副本:1个	 클리어 : 5개{nl}- 챌린지 5단계 이상 클리어 : 2개{nl}- 수녀원 미션 클리어 : 1개{nl}- 레벨던전 클리어 : 1개				대장장이 테리아베리스
INTL_20190820_000342	NA	8/15일 하루동안 라떼 캣 헤어 악세사리를 1회 획득할 수 있습니다.				내 마음도 받아줄래 이벤트 도우미
INTL_20190820_000343	未知	추가로 이벤트 기간 아래의 보상을 받을 수 있습니다.{nl}8/14일:화이트 데이 목걸이 (물리/14일) 1개{nl}8/15일:화이트 데이 목걸이 (마법/14일) 1개{nl}8/16일:화이트 데이 팔찌 (마법/14일) 2개{nl}8/17일:화이트 데이 팔찌 (물리/14일) 2개{nl}8/18일:화이트 데이 목걸이 (물리/14일) 1개{nl}8/19일:화이트 데이 팔찌 (물리/14일) 2개				내 마음도 받아줄래 이벤트 도우미
INTL_20190828_000344	此物品只能用于改变他人的外观{nl}作为外观材料使用时,不会消耗银币{nl}可在兑换商店用来兑换勋章{nl}(本套装由来自[SEA]Telsiai的Shiseptiana设计)	외형 변경 전용 아이템입니다.{nl}해당 아이템으로 외형 변경 시 소재와 실버를 소모하지 않습니다.{nl}리사이클샵에서 메달로 교환할 수 있습니다.{nl}(This costume is designed by Shiseptiana from [SEA] Telsiai.)				
INTL_20190903_000345	为你的小屋添加一个角色槽.	사용시 캐릭터 슬롯이 추가됩니다.				
INTL_20191024_000346	2018新年愿望问候活动冠军头衔.	2018 Happy New Year Wishes Greetings 수상자에게 지급되는 칭호입니다.				
INTL_20191024_000347	颁发给收集了[活动]启示录玩家的头衔.	[이벤트] 계시를 찾은 구원자에게 지급되는 칭호입니다.				
INTL_20191024_000348	颁发给Steam粉丝艺术赛事冠军的头衔.	스팀 팬아트 수상자에게 지급되는 칭호입니다.				
INTL_20191024_000349	颁发给最具创意的TPP玩家的头衔.	Creative TPP Player에게 지급되는 칭호입니다.				
INTL_20191024_000350	颁发给夏日恋爱粉丝艺术赛事冠军的头衔.	Loving Summer 팬아트 수상자에게 지급되는 칭호입니다.				
INTL_20191024_000351	颁发给活动参与者的头衔.	이벤트 참여자에게 지급되는 칭호입니다.				
INTL_20191024_000352	颁发给游戏攻略创作者的头衔.	Game Guide Creator에게 지급되는 칭호입니다.				
INTL_20191024_000353	颁发给万圣节粉丝美术活动获胜者的头衔.	Horror Night 팬아트 수상자에게 지급되는 칭호입니다.				
INTL_20191024_000354	颁发给《TOS》武器设计比赛获胜者的头衔.	TOS Weapon Designer 수상자에게 지급되는 칭호입니다.				
INTL_20191024_000355	颁发给新年艺术家活动获胜者的头衔.	New Year Artist 수상자에게 지급되는 칭호입니다.				
INTL_20191024_000356	颁发给内容创作者活动获胜者的头衔.	Content Creator 수상자에게 지급되는 칭호입니다.				
INTL_20191024_000357	颁发给快乐周年纪念活动获胜者的头衔.	Happy Anniversary 수상자에게 지급되는 칭호입니다.				
INTL_20191024_000358	颁发给导游大师活动获胜者的头衔.	Guide Master 수상자에게 지급되는 칭호입니다.				
INTL_20191024_000359	[魔法书配戴效果]使用召唤恶魔时,召唤出魔君主马鲁若斯型态的恶魔{nl}[无法交易]	[그리모어 장착 효과] 서모닝 사용 시 마군주 마르녹스 형태의 악마 소환{nl}[거래 불가]				
INTL_20191024_000360	[魔法书配戴效果]使用召唤恶魔时,召唤出魔君主布尔鲁型态的恶魔{nl}[无法交易]	[그리모어 장착 효과] 서모닝 사용 시 마군주 블룻 형태의 악마 소환{nl}[거래 불가]				
INTL_20191024_000361	[魔法书配戴效果]使用召唤恶魔时,召唤出魔君主扎乌拉型态的恶魔{nl}[无法交易]	[그리모어 장착 효과] 서모닝 사용 시 마군주 자우라 형태의 악마 소환{nl}[거래 불가]				
INTL_20191024_000362	[魔法书配戴效果]使用召唤恶魔时,召唤出魔君主努亚耶雷型态的恶魔{nl}[无法交易]	[그리모어 장착 효과] 서모닝 사용 시 마군주 누아엘레 형태의 악마 소환{nl}[거래 불가]				
INTL_20191024_000363	[魔法书配戴效果]使用召唤恶魔时,召唤出魔君主赫嘉塞露型态的恶魔{nl}[无法交易]	[그리모어 장착 효과] 서모닝 사용 시 마군주 헬가 세르클 형태의 악마 소환{nl}[거래 불가]				
INTL_20191024_000364	[魔法书配戴效果]使用召唤恶魔时,召唤出魔君主雷克西波型态的恶魔{nl}[无法交易]	[그리모어 장착 효과] 서모닝 사용 시 마군주 렉시퍼 형태의 악마 소환{nl}[거래 불가]				
INTL_20191024_000365	[魔法书配戴效果]使用召唤恶魔时,召唤出魔君主米尔提斯型态的恶魔{nl}[无法交易]	[그리모어 장착 효과] 서모닝 사용 시 마군주 미르티스 형태의 악마 소환{nl}[거래 불가]				
INTL_20191024_000366	[魔法书配戴效果]使用召唤恶魔时,召唤出魔君主弗罗斯特领主型态的恶魔{nl}[无法交易]	[그리모어 장착 효과] 서모닝 사용 시 마군주 프로스터 로드 형태의 악마 소환{nl}[거래 불가]				
INTL_20191024_000367	使用可获得以下物品之一{nl}- 恶魔王马尔诺克斯卡片 [无法交易] x1{nl}- 恶魔王布鲁特卡片 [无法交易] x1{nl}- 恶魔王佐拉卡片 [无法交易] x1{nl}- 恶魔王努亚莉卡片 [无法交易] x1{nl}- 恶魔王赫尔加塞克尔卡片 [无法交易] x1{nl}- 恶魔王雷克西斐尔卡片 [无法交易] x1{nl}- 恶魔王米尔提斯卡片 [无法交易] x1{nl}- 恶魔王弗罗斯特罗德卡片 [无法交易] x1	사용 시 아래의 구성물 중 하나를 선택해 획득할 수 있습니다.{nl} - 마군주 마르녹스 카드 [거래 불가] 1개{nl} - 마군주 블룻 카드 [거래 불가] 1개{nl} - 마군주 자우라 카드 [거래 불가] 1개{nl} - 마군주 누아엘레 카드 [거래 불가] 1개{nl} - 마군주 헬가 세르클 카드 [거래 불가] 1개{nl} - 마군주 렉시퍼 카드 [거래 불가] 1개{nl} - 마군주 미르티스 카드 [거래 불가] 1개{nl} - 마군주 프로스터 로드 카드 [거래 불가] 1개				
INTL_20191104_000368	事件:万圣节上坡防御	이벤트: 와글와글 할로윈 업힐 디펜스				
INTL_20191104_000369	事件:万圣节午夜骚乱	이벤트: 할로윈 밤의 소동				
INTL_20191104_000370	万圣节午夜骚乱助手	할로윈 밤의 소동 이벤트 도우미				
INTL_20191203_000371	+90% 怪物猎杀经验值{nl}+3 移动速度{nl}+500 最大生命值	몬스터 처치 시 획득 경험치 +90%{nl}이동 속도 +3{nl}최대 체력 + 500	SKILL_20161226_007306	+90% 猎杀怪物经验值{nl}+3 移动速度	몬스터 처치 시 획득 경험치 +90%{nl}이동 속도 +3	
INTL_20191203_000372	+120% 猎杀怪物经验值{nl}+4 移动速度{nl}+1000 最大生命值	몬스터 처치 시 획득 경험치 +120%{nl}이동 속도 +4{nl}최대 체력 + 1000	SKILL_20161226_007308	+120% 猎杀怪物经验值{nl}+4 移动速度	몬스터 처치 시 획득 경험치 +120%{nl}이동 속도 +4	
INTL_20191203_000373	+150% 猎杀怪物经验值{nl}+5 移动速度{nl}+2000 最大生命值	몬스터 처치 시 획득 경험치 +150%{nl}이동 속도 +5{nl}최대 체력 + 2000	SKILL_20161226_007310	+150% 猎杀怪物经验值{nl}+5 移动速度	몬스터 처치 시 획득 경험치 +150%{nl}이동 속도 +5	
INTL_20191203_000374	使用{#FF0000}[活动]皇家圣诞钥匙{/}来打开宝箱?	{#FF0000}[이벤트] 로열 크리스마스 열쇠{/}를 사용하여 상자를 여시겠습니까?				크리스마스 로열 상자
INTL_20191203_000375	仅可在周末访问.	주말에만 대화하실 수 있습니다.				
INTL_20191205_000376	使用来打开克莱佩达的圣诞皇家宝箱,随机获得以下物品之一.{nl}[活动] 属性点 10,000 x1{nl}, [活动] 属性点 1,000 x1{nl}- [活动] 属性点 500 x1, 入侵门户石 x3{nl}- 女神雕像 (14 天) x5, 奇迹种子 (14 天) x5{nl}- [活动] 公会任务奖励币:白银 x1{nl}事件结束时将自动删除.	클라페다에 위치한 크리스마스 로열 상자를 열어 아래 아이템 중 각기 다른 확률로 한 개의 아이템을 획득할 수 있습니다.{nl}[이벤트]특성 포인트 10,000 x1{nl}[이벤트]특성 포인트 1,000 x1{nl}[이벤트]특성 포인트 500 x1{nl}축복이 깃든 씨앗(14일) x1{nl}여신의 조각상(14일) x1{nl}[이벤트] 길드 퀘스트 보상 주화 : 은 x1{nl}레이드 포탈 스톤 x1{nl}19년 12월 26일 점검시, 일괄 삭제됩니다.				
INTL_20191216_000377	{img test_cooltime 25 25}{s18}积分每季度重置.	{img test_cooltime 25 25}{s18}매 분기마다 포인트 초기화가 진행됩니다.				
INTL_20191216_000378	{nl}请选择奖励.	 {nl}원하는 보상을 선택해주세요.				
INTL_20191230_000379	仅可在星期五、星期六和星期日访问.	금,토,일에만 대화하실 수 있습니다.	INTL_20191203_000375	仅可在周末访问.	주말에만 대화하실 수 있습니다.	
INTL_20200114_000380	通往春天之路	봄으로 가는 길 				
INTL_20200114_000381	春之方块	봄 큐브	INTL_20190405_000317	花路魔方	꽃길 큐브	
INTL_20200114_000382	通往春天任务	봄으로 가는 길 이벤트 미션				
INTL_20200114_000383	活动期间内最初5个{#661199}花叶{/}可交换三色团发夹,之后5个{#661199}花叶{/}可交换25个春天魔方.	이벤트 기간동안 최초 {#661199}꽃잎{/} 5개는 삼색 경단 머리핀, 이후 {#661199}꽃잎{/} 5개는 봄 큐브 25개로 교환할 수 있습니다.	INTL_20190405_000321	您可以为前五个花瓣收到樱桃发簪. 为您的下五个花瓣,您可以收到三色零食发簪.	이벤트 기간동안 최초 꽃잎 5개는 삼색 경단 머리핀, 이후 꽃잎 5개는 벚꽃 머리핀으로 교환할 수 있습니다.	이벤트 알림판
INTL_20200114_000384	{#661199}通往春天的信息	{#661199}봄으로 가는 길 이벤트 안내	INTL_20190405_000322	花路活动	꽃길 이벤트	
INTL_20200206_000385	{@st66d_y}{s14}女神的{nl}祝福	{@st66d_y}{s14}여신의{nl}축복				
INTL_20200214_000386	通关传说远征队:5个{nl}- 通关传说远征队:休闲:2个{nl}- 通关独特远征队:5个{nl}- 通关独特远征队:休闲:2个{nl}- 通关挑战模式5阶段以上:2个{nl}- 通关等级副本:1个	 클리어 : 5개{nl}- 레전드 레이드:캐주얼 클리어 : 2개{nl}- 유니크 레이드 클리어 : 5개{nl}- 유니크 레이드:캐주얼 클리어 : 2개{nl}- 챌린지 5단계 이상 클리어 : 2개{nl}- 레벨던전 클리어 : 1개				대장장이 테리아베리스
INTL_20200609_000387	目前活动公布栏没有进行中的活动.	현재 이벤트 알림판에서 진행중인 이벤트가 없습니다.				이벤트 알림판
INTL_20200727_000388	hwid, ip 确认后保护模式是否套用,1:使用 0:不使用	hwid, ip 확인 후 보호모드 적용 여부, 1:사용 0:안함				
INTL_20201030_000389	在普鲁达公会任务要留下技能使用log吗? (1: 留, 0: 不留)	보루타 길드 미션에서 스킬 사용 로그를 남길건가? (1: 남김, 0: 안함)				
INTL_20201123_000390	提现是否适用,1:已使用 0:未使用	CashOut 적용 여부, 1:사용 0:안함				
INTL_20210128_000391	EP.13 成长支援Buff.{nl}经验值 + 600%{nl}道具掉落机会 + 300{nl}※只会对450级未满角色套用.	EP.13 성장 지원 버프 입니다.{nl}경험치 + 600%{nl}루팅찬스 + 300{nl}※450레벨 미만의 캐릭터에만 적용됩니다.				
INTL_20210318_000392	{s18}市场品级警告消息	{s18}마켓 등급 관련 경고 메세지				
INTL_20210326_000393	红灯笼,载着新年的愿望.	신년 소망을 담은 홍등입니다.				
INTL_20210326_000394	花鹿头气球.	꽃사슴 머리 모양 풍선입니다				
INTL_20211104_000395	{@st66b}{s16}{#FFFFFFF}系列排名奖励	{@st66b}{s16}{#FFFFFFF}계열 순위 보상				
INTL_20211104_000396	{@st66b}{s16}{#FFFFFFF}累计伤害奖励	{@st66b}{s16}{#FFFFFFF}누적 대미지 보상				
INTL_20211104_000397	{@st66b}{s16}{#FFFFFFF}职业排名奖励	{@st66b}{s16}{#FFFFFFF}클래스 순위 보상				
INTL_20211104_000398	{@st66b}{s16}{#FFFFFFF}团队战联盟商店	{@st66b}{s16}{#FFFFFFF}팀 배틀리그 상점				
INTL_20211104_000399	{@st66b}{s16}{#FFFFFFF}注册角色切换	{@st66b}{s16}{#FFFFFFF}교체 캐릭터 등록				
INTL_20220831_000400	野外地区伤害{img green_down_arrow 16 16}、受到的伤害减少#{CaptionRatio}#%{nl}※挑战、次元崩溃除外	필드 지역 대미지 {img green_down_arrow 16 16}#{CaptionRatio}#%, 받는 피해 10% 감소{nl}※챌린지, 차원 붕괴 제외				
INTL_20220919_000401	野外地区伤害{img green_up_arrow 16 16}#{CaptionRatio}#%、受到伤害{img green_down_arrow 16 16} 10%{nl}※挑战、分裂除外	필드 지역 대미지 {img green_up_arrow 16 16}#{CaptionRatio}#%, 받는 피해 {img green_down_arrow 16 16} 10%{nl}※챌린지, 분열 제외	INTL_20220831_000400	野外地区伤害{img green_down_arrow 16 16}、受到的伤害减少#{CaptionRatio}#%{nl}※挑战、次元崩溃除外	필드 지역 대미지 {img green_down_arrow 16 16}#{CaptionRatio}#%, 받는 피해 10% 감소{nl}※챌린지, 차원 붕괴 제외	
INTL_20221024_000402	[万圣节] 疾风之核(自动/单人)一次入场券	[할로윈] 13 핵(자동 매칭, 1인) 1회 입장권				
INTL_20221125_000403	管理者惊喜礼物盒-第1天	GM의 12월 깜짝 선물 1회차 상자				
INTL_20221125_000404	管理者惊喜礼物盒-第2天	GM의 12월 깜짝 선물 2회차 상자				
INTL_20221125_000405	管理者惊喜礼物盒-第3天	GM의 12월 깜짝 선물 3회차 상자				
INTL_20221125_000406	管理者惊喜礼物盒-第4天	GM의 12월 깜짝 선물 4회차 상자				
INTL_20221125_000407	管理者惊喜礼物盒-第5天	GM의 12월 깜짝 선물 5회차 상자				
